{
  "Gf": [
    0.0000116639,
    0.0
  ],
  "MB": [
    4.9,
    0.0
  ],
  "MH": [
    125.0,
    0.0
  ],
  "MT": [
    510.0,
    0.0
  ],
  "MTA": [
    1.777,
    0.0
  ],
  "MZ": [
    91.188,
    0.0
  ],
  "WH": [
    0.00638233934,
    0.0
  ],
  "WT": [
    0.0,
    0.0
  ],
  "WW": [
    2.0476,
    0.0
  ],
  "WZ": [
    2.441404,
    0.0
  ],
  "aEWM1": [
    137.036,
    0.0
  ],
  "aS": [
    0.118,
    0.0
  ],
  "ymb": [
    4.7,
    0.0
  ],
  "ymt": [
    510.0,
    0.0
  ],
  "ymtau": [
    1.777,
    0.0
  ]
}