profile,precision_mode,point_id,soft_family,ray_sign,lambda_GeV,radial_measure_power,total_re,total_im,cut0_re,cut0_im,cut1_re,cut1_im,cut2_re,cut2_im,cut3_re,cut3_im,cut4_re,cut4_im,cut5_re,cut5_im,finite,is_nan,final_status,final_precision,estimated_relative_accuracy,precision_history_json,cut_sum_residual_re,cut_sum_residual_im,source_result,source_result_sha256
ct-off,normal,0,q13,-1,1.0,2,-3.9812762807877027e-47,-5.199752343068259e-34,3.327755101515177e-47,-9.07225983111657e-31,-3.322145369348256e-47,2.6340088635025622e-30,6.799890855124237e-52,7.195480167956856e-35,-3.143744491523887e-47,-1.2290088718612696e-30,-8.434159676573745e-48,-4.982929048625301e-31,2.0644731808657283e-51,-7.303370309212437e-35,True,False,Stable,Double,1.1426835400286244e-10,"[{""precision"":""Double"",""status"":{""Stable"":2},""estimated_relative_accuracy"":1.1426835400286244e-10}]",0.0,-2.2382800788196083e-46,evaluation/ct-off-normal-point-00000.json,c345cbc1ed8d5523f026b1bcd58600ebe590ddf5b943b6793aec852facf53a12
ct-off,normal,1,q13,-1,0.1,2,8.650597446963992e-44,-2.8804350483051537e-33,2.5098187912506733e-44,-8.498250709557762e-28,8.406936917283426e-44,2.579827724307842e-27,-6.365675547169434e-50,7.279342825503065e-33,-5.0950699323292177e-45,-1.2343464438752675e-27,-1.7566610179806805e-44,-4.9565907908719355e-28,1.6115319043199363e-49,-7.290167478282766e-33,True,False,Stable,Double,5.325525211275665e-07,"[{""precision"":""Double"",""status"":{""Stable"":2},""estimated_relative_accuracy"":5.325525211275665e-07}]",9.956824444577827e-60,1.644695386308189e-43,evaluation/ct-off-normal-point-00001.json,1f3d82743a800914dc9fed64af60bd56fd786c37e08618e08a72d1fea92d67d1
ct-off,normal,2,q13,-1,0.01,2,5.347398295107279e-57,-2.6684991065798204e-32,4.1047824617321715e-57,-8.44542956037323e-25,2.341654963990587e-57,2.5748229539724346e-24,1.6945130398260586e-63,7.28776961929815e-31,-4.993436811461814e-58,-1.2348826170388074e-24,-5.996971011101784e-58,-4.953974074730129e-25,-4.287215946276562e-65,-7.28885244093365e-31,True,False,Stable,Quad,1.3934768881047007e-20,"[{""precision"":""Double"",""status"":{""Unstable"":2},""estimated_relative_accuracy"":0.0006760191198402108},{""precision"":""Quad"",""status"":{""Stable"":2},""estimated_relative_accuracy"":1.3934768881047007e-20}]",0.0,1.0351927095771373e-40,evaluation/ct-off-normal-point-00002.json,4040cda53949423219c892a366f4d2f4c5c768f08a1081cbe88b111a4330f39a
ct-off,normal,3,q13,-1,0.001,2,-7.265475746606908e-55,-2.647484749713018e-31,-4.467998085567792e-55,-8.440189551109183e-22,1.9909308715089603e-54,2.5743264710402983e-21,1.8371144917250996e-61,7.288612704193979e-29,-2.3665034314844984e-54,-1.2349362588975335e-21,9.582472305902425e-56,-4.953712572955123e-22,-1.1289884716014265e-61,-7.288720989921079e-29,True,False,Stable,Quad,1.2546011371842586e-17,"[{""precision"":""Double"",""status"":{""Unstable"":2},""estimated_relative_accuracy"":0.43744789736335254},{""precision"":""Quad"",""status"":{""Stable"":2},""estimated_relative_accuracy"":1.2546011371842586e-17}]",-2.897817305224548e-70,-2.102173893647431e-37,evaluation/ct-off-normal-point-00003.json,a3a1d92d71c2aee240c34784a0ae5066178e3da5a53894c680fa02cc46e746c7
ct-off,normal,4,q13,1,1.0,2,-1.304639178911835e-46,-4.695961541568511e-34,1.1620514471853416e-47,-5.148675316728999e-31,-3.4829900310846034e-47,-1.2196494087403686e-30,-2.5542201003033606e-51,1.0380265270380896e-34,-9.553332536364604e-47,2.572015578813885e-30,-1.1718988981785548e-47,-8.379671628651266e-31,3.365133409833958e-52,-1.048743423506453e-34,True,False,Stable,Double,2.8205101948608423e-10,"[{""precision"":""Double"",""status"":{""Stable"":2},""estimated_relative_accuracy"":2.8205101948608423e-10}]",-1.9446922743316068e-62,6.235025515703074e-47,evaluation/ct-off-normal-point-00004.json,df6f61617c2d2c9f9da6803455454947e2a83ab1f79fd90b3bc781fbbf3bd962
ct-off,normal,5,q13,1,0.1,2,-7.187719807052987e-44,-2.8621463214257696e-33,-2.494516171712435e-45,-4.972203637804506e-28,1.7073109250297711e-44,-1.2334641553848378e-27,8.986463619712098e-50,1.0532831853033256e-32,-8.094324444255278e-44,2.5740394289759114e-27,-5.512643401615854e-45,-8.433577611395642e-28,6.830417290992735e-51,-1.0543649233031801e-32,True,False,Stable,Double,2.423579133473978e-07,"[{""precision"":""Double"",""status"":{""Stable"":2},""estimated_relative_accuracy"":2.423579133473978e-07}]",0.0,2.6746121250598114e-43,evaluation/ct-off-normal-point-00005.json,4e9c04f93c7f8bbcaf429dcff254c97ccd5867de876536604b8e6d27723e2d28
ct-off,normal,6,q13,1,0.01,2,4.196494456080453e-57,-2.6669855729592395e-32,1.3188301355801907e-57,-4.955526257392402e-25,8.373916604802771e-58,-1.2347950551663357e-24,1.4518693102367894e-63,1.0548213034268382e-30,-3.372846336757431e-58,2.5742480953314318e-24,2.377553532325891e-57,-8.439004409874368e-25,2.309500527027909e-63,-1.0549295783114582e-30,True,False,Stable,Quad,2.1871952074643814e-21,"[{""precision"":""Double"",""status"":{""Unstable"":2},""estimated_relative_accuracy"":0.00016381706960020453},{""precision"":""Quad"",""status"":{""Stable"":2},""estimated_relative_accuracy"":2.1871952074643814e-21}]",0.0,-7.614545831316318e-41,evaluation/ct-off-normal-point-00006.json,45b754f5a1548d46920d68b98878dd3d90f01b0f0d075329a60f2d34626bf93d
ct-off,normal,7,q13,1,0.001,2,9.120368806325655e-54,-2.647336546907633e-31,-4.2782721661691496e-55,-4.95386770068927e-22,-9.474025400743195e-56,-1.2349275095249766e-21,-3.0115972456956592e-61,1.0549752405284374e-28,1.0495415955343996e-53,2.5742690247554622e-21,-8.524796129118547e-55,-8.439547454252093e-22,2.3567758601543675e-61,-1.0549860690283521e-28,True,False,Stable,Quad,1.5029026092943142e-18,"[{""precision"":""Double"",""status"":{""Unstable"":2},""estimated_relative_accuracy"":0.574390472553496},{""precision"":""Quad"",""status"":{""Stable"":2},""estimated_relative_accuracy"":1.5029026092943142e-18}]",0.0,1.171488432627976e-37,evaluation/ct-off-normal-point-00007.json,8316cf9923bba61297729f8498dd281f33452fc346d28a857fc040600dc92081
ct-off,normal,8,q14,-1,1.0,2,6.925611551589119e-52,-2.1418086990470973e-36,4.335273737931995e-52,-1.4587677530843418e-35,-5.93766310334099e-54,-7.2653146330258366e-37,-1.4583240699213792e-52,1.4180761738348316e-35,5.787574226350486e-52,4.154625634612664e-35,-2.388858629652044e-55,7.071013099096501e-38,-1.6771468531089203e-52,-4.2625327920367023e-35,True,False,Stable,Double,1.7804424138474261e-12,"[{""precision"":""Double"",""status"":{""Stable"":2},""estimated_relative_accuracy"":1.7804424138474261e-12}]",0.0,-7.016007363992014e-51,evaluation/ct-off-normal-point-00008.json,1aa99b775a27d3fb848d366e575b38e440b298a1b9a778c043d31c71244a6515
ct-off,normal,9,q14,-1,0.1,2,-1.380907531846727e-49,-2.1221789508297575e-35,-1.8394075342679935e-50,-1.4625085252184503e-33,-1.365541106534548e-53,-7.080055972219455e-36,2.8678512859000875e-50,1.4583440263009449e-33,-9.660806511604747e-50,4.1578706844292166e-33,3.3196928307333037e-54,7.067412708099699e-37,-5.175678986671156e-50,-4.168554660318599e-33,True,False,Stable,Double,1.0234679545352411e-10,"[{""precision"":""Double"",""status"":{""Stable"":2},""estimated_relative_accuracy"":1.0234679545352411e-10}]",0.0,4.142785300642903e-49,evaluation/ct-off-normal-point-00009.json,e676e5c2ecf8b02cab3403aa14d1854044db033d2a9d1f56eefb731f2ca94c1b
ct-off,normal,10,q14,-1,0.01,2,7.7712669824171645e-50,-2.1202457514037753e-34,1.2745652376523105e-50,-1.462890448279649e-31,-4.773532503096621e-52,-7.061460300454935e-35,1.8515552614321558e-48,1.462473019709199e-31,-5.808417184134287e-48,4.158186082886025e-31,8.0743454804070795e-53,7.067097954666205e-36,4.0222255499452864e-48,-4.15925342501648e-31,True,False,Stable,Double,4.232920523302137e-09,"[{""precision"":""Double"",""status"":{""Stable"":2},""estimated_relative_accuracy"":4.232920523302137e-09}]",1.1204769939996563e-63,-4.960651301931115e-48,evaluation/ct-off-normal-point-00010.json,99f3fb150eaff665303ae34c3c9e5b495c2c4bd2e49d18104e0fffeddd35c654
ct-off,normal,11,q14,-1,0.001,2,-8.714923461828018e-46,-2.1200542530223e-33,8.454168668614345e-48,-1.4629287196769004e-29,-1.2498888140738117e-50,-7.059599950222555e-34,-1.5981723358628339e-46,1.4628869668885412e-29,-4.8206072913416106e-46,4.1582175364142636e-29,1.0320201124865666e-51,7.067066930287813e-35,-2.3805708526294366e-46,-4.1583242601186353e-29,True,False,Stable,Double,3.995633653715518e-07,"[{""precision"":""Double"",""status"":{""Stable"":2},""estimated_relative_accuracy"":3.995633653715518e-07}]",-1.5557538194652854e-61,-5.72527583019429e-45,evaluation/ct-off-normal-point-00011.json,781e5b6cf88c229d0ff9dec7871c41c07f2e3d9f65fd9a130d84705fee239053
ct-off,normal,12,q14,1,1.0,2,-9.639041852068649e-51,-2.110903533078635e-36,1.5238393470851158e-52,-4.463343629401189e-35,1.065745023703146e-53,-7.054990161536684e-37,5.4853341709467266e-52,4.421966914963451e-35,-5.682610430298946e-51,2.1198355367219597e-34,-4.918979459953314e-55,7.020469837696678e-38,-4.667514325863924e-51,-2.130453957431205e-34,True,False,Stable,Double,2.225722759262747e-11,"[{""precision"":""Double"",""status"":{""Stable"":2},""estimated_relative_accuracy"":2.225722759262747e-11}]",0.0,5.679625008945916e-51,evaluation/ct-off-normal-point-00012.json,2edea8487a5599269028e4b82d0ed582a8856a492649366dd7453a5678bcd015
ct-off,normal,13,q14,1,0.1,2,-4.2455208886309115e-49,-2.1191187562939306e-35,1.4865250985626615e-50,-4.486599431555884e-33,1.4234576692704134e-52,-7.058993795531487e-36,-6.540230628450703e-51,4.4824278574631994e-33,-2.3109581846505834e-49,2.1451535239678233e-32,-1.3025032277613617e-54,7.062419927735461e-37,-2.0192233401890805e-49,-2.1462202101345726e-32,True,False,Stable,Double,8.265864462839308e-10,"[{""precision"":""Double"",""status"":{""Stable"":2},""estimated_relative_accuracy"":8.265864462839308e-10}]",-7.596454196607839e-65,3.071006651895933e-48,evaluation/ct-off-normal-point-00013.json,72e160fb2a75ac6717cc1945d4415efde5f6036b77db24fbdd2d8abe26cd35c0
ct-off,normal,14,q14,1,0.01,2,3.587257305118559e-47,-2.119940961734506e-34,7.213981750434973e-48,-4.488938611943404e-31,-1.574982013978014e-51,-7.059353702557922e-35,-1.1980810188358733e-48,4.48852111224526e-31,2.8544475590554115e-47,2.1477044059578625e-30,-1.5568309426796595e-53,7.066599290688725e-36,1.3137872793557697e-48,-2.1478111231464864e-30,True,False,Stable,Double,1.7508392124035546e-07,"[{""precision"":""Double"",""status"":{""Stable"":2},""estimated_relative_accuracy"":1.7508392124035546e-07}]",-9.723461371658034e-63,2.9434623199303332e-46,evaluation/ct-off-normal-point-00014.json,35fb679039b2fa3d7c3996ad6d43c997466d1f0528da0b975893553e6a8421ff
ct-off,normal,15,q14,1,0.001,2,-2.9839853907687305e-61,-2.120022146366299e-33,2.752117982853452e-62,-4.489172665404257e-29,1.3431763734429386e-67,-7.059389286541129e-34,-6.769477048811669e-63,4.4891309120256467e-29,-1.1684411848436872e-61,2.1479596861474043e-28,1.6591681627375638e-68,7.067017070018028e-35,-2.0230627428154617e-61,-2.147970358343428e-28,True,False,Stable,Quad,2.322163655725755e-22,"[{""precision"":""Double"",""status"":{""Unstable"":2},""estimated_relative_accuracy"":7.080834340683599e-06},{""precision"":""Quad"",""status"":{""Stable"":2},""estimated_relative_accuracy"":2.322163655725755e-22}]",-3.454467422037778e-77,-4.4206929605629855e-44,evaluation/ct-off-normal-point-00015.json,ea2d0de16daff3e11f24ac7f0a1d355f14a3611e6173c9481e58566490845c9f
ct-off,normal,16,both,-1,1.0,5,1.0148795758942023e-58,-4.794986249565818e-35,1.1161656284390832e-59,-9.20473801770628e-27,8.383146808393253e-59,3.892414745201909e-26,-2.1055949026665574e-60,2.26359752801875e-27,-2.1387339922080673e-59,-1.3445073258615642e-26,5.113927164738573e-59,-4.200885013459494e-26,-2.115150360154164e-59,2.3470916382929158e-26,True,False,Stable,Quad,4.5502998391287835e-21,"[{""precision"":""Double"",""status"":{""Unstable"":2},""estimated_relative_accuracy"":0.0006200469306307895},{""precision"":""Quad"",""status"":{""Stable"":2},""estimated_relative_accuracy"":4.5502998391287835e-21}]",-1.7686873200833423e-74,-3.864433518102004e-42,evaluation/ct-off-normal-point-00016.json,731a214220da3b86b4f683789613f90077484b2758e3f78f6666361e06abcac8
ct-off,normal,17,both,-1,0.1,5,1.5145434514045444e-53,-4.778391774256814e-33,5.950069743889005e-55,-9.23736386798492e-22,3.869062913092205e-55,3.8926017306535634e-21,4.305227328292039e-56,2.259918019906295e-22,-2.960916832197256e-54,-1.3514311932685972e-21,1.0597053754534036e-53,-4.173665262652455e-21,6.484332052727622e-54,2.3302393100705727e-21,True,False,Stable,Quad,2.0597700489545048e-16,"[{""precision"":""Double"",""status"":{""Unstable"":2},""estimated_relative_accuracy"":0.88369595636699},{""precision"":""Quad"",""status"":{""Stable"":2},""estimated_relative_accuracy"":2.0597700489545048e-16}]",0.0,5.425793824823878e-38,evaluation/ct-off-normal-point-00017.json,0532b2bdeb03febbbad77ef8479423834902e1264e3266297b0d82407e3701a3
ct-off,normal,18,both,-1,0.01,5,1.4868620447676264e-49,-4.778778306226756e-31,1.3706112151335935e-49,-9.240599297233822e-17,-5.153443078736524e-50,3.892619928115032e-16,-1.5754252967998808e-50,2.2595272247399735e-17,4.394874280411253e-49,-1.3521244025338504e-16,-2.274792741040355e-49,-4.1709399394282064e-16,-1.330943872183224e-49,2.328551621096405e-16,True,False,Stable,Quad,1.5709690827668687e-12,"[{""precision"":""Double"",""status"":{""Unstable"":2},""estimated_relative_accuracy"":0.6790839583558388},{""precision"":""Quad"",""status"":{""Stable"":2},""estimated_relative_accuracy"":1.5709690827668687e-12}]",3.7982270983039195e-65,6.410180236680264e-33,evaluation/ct-off-normal-point-00018.json,ab3d0aee97580016841b96e83c750e7350469dac5ae3bdf7ad8be0f55fd29363
ct-off,normal,19,both,-1,0.001,5,1.153609066874e-312,-4.7788373498467907e-29,3.17712526e-314,-9.240922567937993e-12,7.7293581128e-313,3.892621743822766e-11,8.15396887e-315,2.259487916206647e-12,-1.023377337e-313,-1.3521937323388764e-11,2.7152522132e-313,-4.170667374510771e-11,1.71560546494e-313,2.3283828282000155e-11,True,False,Stable,Arb,2.5075704067328437e-277,"[{""precision"":""Double"",""status"":{""Unstable"":2},""estimated_relative_accuracy"":0.3668458204202505},{""precision"":""Quad"",""status"":{""Unstable"":2},""estimated_relative_accuracy"":9.02052065397391e-09},{""precision"":""Arb"",""status"":{""Stable"":2},""estimated_relative_accuracy"":2.5075704067328437e-277}]",-5e-324,-1.1639019769210061e-27,evaluation/ct-off-normal-point-00019.json,d06ba1f09ccfe722346a0ab88b2842f7fad918ce1bb36eca6d5a7d60592a1c3e
ct-off,normal,20,both,1,1.0,5,-7.9714105774764e-58,-6.781777416889893e-35,3.860390163269797e-61,-2.7626916623201835e-26,5.26528037996353e-59,-2.642772385291955e-26,-8.771462443316296e-60,2.260995253874582e-26,-2.634656508885563e-58,1.443441430554975e-25,-2.9862131287130398e-58,7.025037377026949e-26,-2.7932147436042562e-58,-1.831498289562092e-25,True,False,Stable,Quad,1.3591606240903872e-20,"[{""precision"":""Double"",""status"":{""Unstable"":2},""estimated_relative_accuracy"":8.140785955260471e-05},{""precision"":""Quad"",""status"":{""Stable"":2},""estimated_relative_accuracy"":1.3591606240903872e-20}]",0.0,6.711529397283963e-42,evaluation/ct-off-normal-point-00020.json,6dd46283f55a3f1e0db00d332be3c8046fd12780cdf65366cee46090f82c172b
ct-off,normal,21,both,1,0.1,5,-2.206255738857105e-53,-4.979456599362484e-33,-2.240290981913653e-54,-2.7979219670893278e-21,-5.19782670532481e-54,-2.6448242822529388e-21,-2.7329550413838343e-55,2.288756984374613e-21,-1.9348191517709397e-53,1.45477227210483e-20,2.072753779973127e-54,7.097417967234125e-21,2.924293540542069e-54,-1.8491151423319752e-20,True,False,Stable,Quad,4.0623097154502354e-16,"[{""precision"":""Double"",""status"":{""Unstable"":2},""estimated_relative_accuracy"":0.1914953194296492},{""precision"":""Quad"",""status"":{""Stable"":2},""estimated_relative_accuracy"":4.0623097154502354e-16}]",0.0,6.267665676686485e-37,evaluation/ct-off-normal-point-00021.json,c5c2f3e43127a827e6e1b4c8b7ba9e2ae6f428ab1fb015492a4693e61909ed3d
ct-off,normal,22,both,1,0.01,5,1.4532236519417696e-48,-4.798908444994201e-31,1.6686449135802558e-49,-2.8014709908515437e-16,4.9010678611506444e-49,-2.6450302826395194e-16,3.656297825320357e-49,2.291552893245844e-16,1.4910688357484285e-48,1.4559133358920437e-15,3.330502258920419e-49,7.1047171636569165e-16,-1.3934964697038265e-48,-1.8508902142332137e-15,True,False,Stable,Quad,5.087998559187261e-12,"[{""precision"":""Double"",""status"":{""Unstable"":2},""estimated_relative_accuracy"":0.9097800846531836},{""precision"":""Quad"",""status"":{""Stable"":2},""estimated_relative_accuracy"":5.087998559187261e-12}]",0.0,2.333718116178539e-31,evaluation/ct-off-normal-point-00022.json,12786ddac0868e50d31adfaf4befbe583807f018c20ab02d5c95892d86404583
ct-off,normal,23,both,1,0.001,5,2.63978306777e-313,-4.7808506000854574e-29,5.60606439014e-313,-2.8018261546097857e-11,5.15549327277e-313,-2.6450508902616188e-11,2.6990005183e-313,2.2918326827594506e-11,-3.6164319939e-313,1.456027522459129e-10,-2.1676333414e-313,7.105447698868782e-11,-5.03670977814e-313,-1.8510678561348118e-10,True,False,Stable,Arb,8.825189400205195e-277,"[{""precision"":""Double"",""status"":{""Unstable"":2},""estimated_relative_accuracy"":0.18292777681840433},{""precision"":""Quad"",""status"":{""Unstable"":2},""estimated_relative_accuracy"":6.1539273113255485e-09},{""precision"":""Arb"",""status"":{""Stable"":2},""estimated_relative_accuracy"":8.825189400205195e-277}]",0.0,-6.414540029569674e-27,evaluation/ct-off-normal-point-00023.json,86272d466747c2fad6328251a908ca0c66533ea1e60ab2134857db0d7457902a
ct-off,arb,0,q13,-1,1.0,2,0.0,-5.1997523422955585e-34,0.0,-9.072259831116086e-31,0.0,2.6340088635027745e-30,0.0,7.195480167956406e-35,0.0,-1.2290088718614108e-30,0.0,-4.9829290486257225e-31,0.0,-7.303370309212342e-35,True,False,Stable,Arb,7.202692150736031e-296,"[{""precision"":""Arb"",""status"":{""Stable"":2},""estimated_relative_accuracy"":7.202692150736031e-296}]",0.0,-1.631883221393891e-46,evaluation/ct-off-arb-point-00000.json,04c03fab64d63b2b773cda930c1ad776609cb2a1ba1df1257cdfb00b3552fd42
ct-off,arb,1,q13,-1,0.1,2,-0.0,-2.8804367724349864e-33,0.0,-8.498250709553077e-28,0.0,2.5798277243071455e-27,0.0,7.279342825508582e-33,0.0,-1.2343464438773985e-27,0.0,-4.9565907908655895e-28,0.0,-7.290167478281753e-33,True,False,Stable,Arb,2.195864251749329e-292,"[{""precision"":""Arb"",""status"":{""Stable"":2},""estimated_relative_accuracy"":2.195864251749329e-292}]",0.0,5.351892738406179e-44,evaluation/ct-off-arb-point-00001.json,7040b63a69ffd3598cf1273bffeae4db8823878ac8aa28c01082b1daaebe6c05
ct-off,arb,2,q13,-1,0.01,2,-0.0,-2.6684991065798204e-32,0.0,-8.44542956037323e-25,0.0,2.5748229539724346e-24,0.0,7.28776961929815e-31,0.0,-1.2348826170388074e-24,0.0,-4.953974074730129e-25,0.0,-7.28885244093365e-31,True,False,Stable,Arb,5.675463252866147e-289,"[{""precision"":""Arb"",""status"":{""Stable"":2},""estimated_relative_accuracy"":5.675463252866147e-289}]",0.0,1.0351927095771373e-40,evaluation/ct-off-arb-point-00002.json,50c677751b7c94be387e406b626e510d3f80f5b9882cfa7c08bfea23c736cf1c
ct-off,arb,3,q13,-1,0.001,2,-5e-323,-2.647484749713018e-31,-1e-323,-8.440189551109183e-22,-4.4e-323,2.5743264710402983e-21,0.0,7.288612704193979e-29,1e-323,-1.2349362588975335e-21,-5e-324,-4.953712572955123e-22,0.0,-7.288720989921079e-29,True,False,Stable,Arb,3.791783443011247e-286,"[{""precision"":""Arb"",""status"":{""Stable"":2},""estimated_relative_accuracy"":3.791783443011247e-286}]",0.0,-2.102173893647431e-37,evaluation/ct-off-arb-point-00003.json,04653142a21f36dc6dab4c49105586f5bc0bb8186a5472e97921fe878eac6170
ct-off,arb,4,q13,1,1.0,2,0.0,-4.695961541800018e-34,0.0,-5.148675316729084e-31,0.0,-1.219649408740269e-30,0.0,1.0380265270379173e-34,0.0,2.5720155788138102e-30,0.0,-8.37967162865166e-31,0.0,-1.048743423506428e-34,True,False,Stable,Arb,2.807087722107068e-295,"[{""precision"":""Arb"",""status"":{""Stable"":2},""estimated_relative_accuracy"":2.807087722107068e-295}]",0.0,-1.0691058840368783e-47,evaluation/ct-off-arb-point-00004.json,b7f0690ecbd6832fae75b356d5a6957185224b187975d4732e004a55917fad2b
ct-off,arb,5,q13,1,0.1,2,-0.0,-2.8621480915545207e-33,0.0,-4.972203637811432e-28,0.0,-1.233464155383385e-27,0.0,1.0532831853041909e-32,0.0,2.5740394289759132e-27,0.0,-8.433577611420966e-28,0.0,-1.0543649233031462e-32,True,False,Stable,Arb,1.268005986536856e-292,"[{""precision"":""Arb"",""status"":{""Stable"":2},""estimated_relative_accuracy"":1.268005986536856e-292}]",0.0,6.077653129572846e-44,evaluation/ct-off-arb-point-00005.json,20d00530611fd9e7f4f533660c6431223c332a69822952038a7caff25c184365
ct-off,arb,6,q13,1,0.01,2,0.0,-2.6669855729592395e-32,0.0,-4.955526257392402e-25,0.0,-1.2347950551663357e-24,0.0,1.0548213034268382e-30,0.0,2.5742480953314318e-24,0.0,-8.439004409874368e-25,0.0,-1.0549295783114582e-30,True,False,Stable,Arb,7.914946490388992e-289,"[{""precision"":""Arb"",""status"":{""Stable"":2},""estimated_relative_accuracy"":7.914946490388992e-289}]",0.0,-7.614545831316318e-41,evaluation/ct-off-arb-point-00006.json,f45a9f55e2504b9349799045fb1f519bd52e1274fb57bb7e676993b38f160683
ct-off,arb,7,q13,1,0.001,2,5e-324,-2.647336546907633e-31,1e-323,-4.95386770068927e-22,5e-324,-1.2349275095249766e-21,0.0,1.0549752405284374e-28,5e-324,2.5742690247554622e-21,-1e-323,-8.439547454252093e-22,0.0,-1.0549860690283521e-28,True,False,Stable,Arb,5.794859587288155e-287,"[{""precision"":""Arb"",""status"":{""Stable"":2},""estimated_relative_accuracy"":5.794859587288155e-287}]",5e-324,1.171488432627976e-37,evaluation/ct-off-arb-point-00007.json,d1a1a041273b4e0c0d945d0778af2326919137e288aac0db86e75cc8702392ef
ct-off,arb,8,q14,-1,1.0,2,-0.0,-2.1418086990427915e-36,0.0,-1.4587677530842256e-35,0.0,-7.265314633025788e-37,0.0,1.4180761738348994e-35,0.0,4.154625634612697e-35,0.0,7.071013099096536e-38,0.0,-4.2625327920364884e-35,True,False,Stable,Arb,2.7365703588764067e-298,"[{""precision"":""Arb"",""status"":{""Stable"":2},""estimated_relative_accuracy"":2.7365703588764067e-298}]",0.0,3.675051476376769e-51,evaluation/ct-off-arb-point-00008.json,44f8732305c2dae739dece0dbfe57ee1a0d8d1aa91bcb4c06dad79298e4b489e
ct-off,arb,9,q14,-1,0.1,2,-0.0,-2.1221789508961335e-35,0.0,-1.462508525218087e-33,0.0,-7.080055972219175e-36,0.0,1.4583440263002155e-33,0.0,4.157870684429677e-33,0.0,7.0674127081007884e-37,0.0,-4.1685546603193576e-33,True,False,Stable,Arb,7.368868235077628e-297,"[{""precision"":""Arb"",""status"":{""Stable"":2},""estimated_relative_accuracy"":7.368868235077628e-297}]",0.0,1.790752355761771e-49,evaluation/ct-off-arb-point-00009.json,ee13e0dca24f6bc55f523939d3298383ad98cdb601de7c839b0159bef770a57d
ct-off,arb,10,q14,-1,0.01,2,-0.0,-2.1202457415499495e-34,0.0,-1.4628904482737043e-31,0.0,-7.06146030045741e-35,0.0,1.4624730197139758e-31,0.0,4.158186082913124e-31,0.0,7.06709795467209e-36,0.0,-4.159253425044447e-31,True,False,Stable,Arb,9.65399234281167e-294,"[{""precision"":""Arb"",""status"":{""Stable"":2},""estimated_relative_accuracy"":9.65399234281167e-294}]",0.0,1.2957563314526964e-47,evaluation/ct-off-arb-point-00010.json,a57c8c72c14c750846c450cfb64bdf484f3427bcc3486fbf9d48ae9e5c77a34a
ct-off,arb,11,q14,-1,0.001,2,-0.0,-2.120052715329619e-33,0.0,-1.462928719574416e-29,0.0,-7.059599950217449e-34,0.0,1.462886966905856e-29,0.0,4.158217536526509e-29,0.0,7.067066930276596e-35,0.0,-4.15832426019691e-29,True,False,Stable,Arb,4.2336418803893675e-293,"[{""precision"":""Arb"",""status"":{""Stable"":2},""estimated_relative_accuracy"":4.2336418803893675e-293}]",0.0,4.652748807328494e-47,evaluation/ct-off-arb-point-00011.json,479c4ac49858a4af80e737752ce21f895885027e175f981d6ef35d4c8ac5e8ea
ct-off,arb,12,q14,1,1.0,2,0.0,-2.110903532946944e-36,0.0,-4.4633436293992826e-35,0.0,-7.0549901615366815e-37,0.0,4.4219669149626206e-35,0.0,2.119835536722616e-34,0.0,7.020469837696705e-38,0.0,-2.1304539574306527e-34,True,False,Stable,Arb,1.01911977927551e-298,"[{""precision"":""Arb"",""status"":{""Stable"":2},""estimated_relative_accuracy"":1.01911977927551e-298}]",0.0,-2.940041181101415e-50,evaluation/ct-off-arb-point-00012.json,cf8b280ec2f475ebb4ac754ceb41038e6caa8b92242ef3b109892e0a37a51426
ct-off,arb,13,q14,1,0.1,2,0.0,-2.119118752014216e-35,0.0,-4.486599431542746e-33,0.0,-7.058993795532162e-36,0.0,4.4824278574508484e-33,0.0,2.1451535239695448e-32,0.0,7.062419927735895e-37,0.0,-2.1462202101320932e-32,True,False,Stable,Arb,1.3162502390374047e-294,"[{""precision"":""Arb"",""status"":{""Stable"":2},""estimated_relative_accuracy"":1.3162502390374047e-294}]",0.0,1.0022867662845734e-48,evaluation/ct-off-arb-point-00013.json,5340228ab9fd8bdfd8dd248d415431d605c4c511409e5bc3e6efd36c87aa96e1
ct-off,arb,14,q14,1,0.01,2,-0.0,-2.1199400219198083e-34,0.0,-4.488938611739617e-31,0.0,-7.059353702560416e-35,0.0,4.488521112197967e-31,0.0,2.1477044060009e-30,0.0,7.066599290694622e-36,0.0,-2.147811123111192e-30,True,False,Stable,Arb,1.502427040345922e-293,"[{""precision"":""Arb"",""status"":{""Stable"":2},""estimated_relative_accuracy"":1.502427040345922e-293}]",0.0,1.2752294984791884e-46,evaluation/ct-off-arb-point-00014.json,b9dcd199d196e565acce0532548f980e4ffc82ec7135ae654847b2fbee6c9c5a
ct-off,arb,15,q14,1,0.001,2,-0.0,-2.120022146366299e-33,0.0,-4.489172665404257e-29,0.0,-7.059389286541129e-34,0.0,4.4891309120256467e-29,0.0,2.1479596861474043e-28,0.0,7.067017070018028e-35,0.0,-2.147970358343428e-28,True,False,Stable,Arb,3.4209749522187104e-291,"[{""precision"":""Arb"",""status"":{""Stable"":2},""estimated_relative_accuracy"":3.4209749522187104e-291}]",0.0,-4.4206929605629855e-44,evaluation/ct-off-arb-point-00015.json,aa951aa6014d365a9063a53375c0538aa7c95b980027a9f50a31e81bce1f884d
ct-off,arb,16,both,-1,1.0,5,0.0,-4.794986249565818e-35,0.0,-9.20473801770628e-27,0.0,3.892414745201909e-26,0.0,2.26359752801875e-27,0.0,-1.3445073258615642e-26,0.0,-4.200885013459494e-26,0.0,2.3470916382929158e-26,True,False,Stable,Arb,1.1815616852724619e-289,"[{""precision"":""Arb"",""status"":{""Stable"":2},""estimated_relative_accuracy"":1.1815616852724619e-289}]",0.0,-3.864433518102004e-42,evaluation/ct-off-arb-point-00016.json,81bc7a3fd6cbc43d51319fdcd63c549b6302c95fdff1b35481796432a06d947f
ct-off,arb,17,both,-1,0.1,5,5.4e-323,-4.778391774256812e-33,-5e-324,-9.23736386798492e-22,5e-324,3.8926017306535634e-21,-5e-324,2.259918019906295e-22,-2.5e-323,-1.3514311932685972e-21,1.04e-322,-4.173665262652455e-21,-2e-323,2.3302393100705727e-21,True,False,Stable,Arb,4.393739454161857e-285,"[{""precision"":""Arb"",""status"":{""Stable"":2},""estimated_relative_accuracy"":4.393739454161857e-285}]",0.0,5.42579382461861e-38,evaluation/ct-off-arb-point-00017.json,cb9489554c12f787bd9e8681bd4db3f98681c667c2d3374f57d47038533b4b06
ct-off,arb,18,both,-1,0.01,5,9.045117e-318,-4.7787783062292e-31,7.134e-319,-9.240599297233822e-17,6.517867e-318,3.892619928115032e-16,-3.0217e-319,2.2595272247399735e-17,-1.2727e-318,-1.3521244025338504e-16,6.495526e-318,-4.1709399394282064e-16,-3.106803e-318,2.328551621096405e-16,True,False,Stable,Arb,7.122923332096603e-282,"[{""precision"":""Arb"",""status"":{""Stable"":2},""estimated_relative_accuracy"":7.122923332096603e-282}]",5e-324,6.410180236924703e-33,evaluation/ct-off-arb-point-00018.json,f1141c1d3b01d561224320e453eaedffa34e7eeab44d63d2ddafb9595b8924a7
ct-off,arb,19,both,-1,0.001,5,1.153609066874e-312,-4.7788373498467907e-29,3.17712526e-314,-9.240922567937993e-12,7.7293581128e-313,3.892621743822766e-11,8.15396887e-315,2.259487916206647e-12,-1.023377337e-313,-1.3521937323388764e-11,2.7152522132e-313,-4.170667374510771e-11,1.71560546494e-313,2.3283828282000155e-11,True,False,Stable,Arb,2.5075704067328437e-277,"[{""precision"":""Arb"",""status"":{""Stable"":2},""estimated_relative_accuracy"":2.5075704067328437e-277}]",-5e-324,-1.1639019769210061e-27,evaluation/ct-off-arb-point-00019.json,e0563777319a11c1cee4d2d675c13ee5effd54b1bfb2460320dc9ca363cb7687
ct-off,arb,20,both,1,1.0,5,-0.0,-6.781777416889893e-35,0.0,-2.7626916623201835e-26,0.0,-2.642772385291955e-26,0.0,2.260995253874582e-26,0.0,1.443441430554975e-25,0.0,7.025037377026949e-26,0.0,-1.831498289562092e-25,True,False,Stable,Arb,3.891021520339248e-289,"[{""precision"":""Arb"",""status"":{""Stable"":2},""estimated_relative_accuracy"":3.891021520339248e-289}]",0.0,6.711529397283963e-42,evaluation/ct-off-arb-point-00020.json,c2d874645a1921f7a5cce08d77ce164242210f32b4049208acfb4632661161e4
ct-off,arb,21,both,1,0.1,5,-2.8e-322,-4.9794565993624866e-33,-5.4e-323,-2.7979219670893278e-21,2e-323,-2.6448242822529388e-21,0.0,2.288756984374613e-21,-1.7e-322,1.45477227210483e-20,-1e-323,7.097417967234125e-21,-8e-323,-1.8491151423319752e-20,True,False,Stable,Arb,4.1117041218954665e-285,"[{""precision"":""Arb"",""status"":{""Stable"":2},""estimated_relative_accuracy"":4.1117041218954665e-285}]",-1e-323,6.2676656767138545e-37,evaluation/ct-off-arb-point-00021.json,1860b1b97d4a7a4078bfefb09347c0b2d7b61ba6687b543f9b51a1420bfc63a8
ct-off,arb,22,both,1,0.01,5,3.4257124e-317,-4.798908445010854e-31,2.79092e-318,-2.8014709908515437e-16,-1.11254e-318,-2.6450302826395194e-16,2.236156e-318,2.291552893245844e-16,1.20204e-317,1.4559133358920437e-15,7.54172e-318,7.1047171636569165e-16,1.078047e-317,-1.8508902142332137e-15,True,False,Stable,Arb,3.8562606890704964e-281,"[{""precision"":""Arb"",""status"":{""Stable"":2},""estimated_relative_accuracy"":3.8562606890704964e-281}]",-5e-324,2.3337181161951924e-31,evaluation/ct-off-arb-point-00022.json,e97b9a97177d3df6cdf0afdefcac9c3143f776401667b16d9a89b5523f1e9517
ct-off,arb,23,both,1,0.001,5,2.63978306777e-313,-4.7808506000854574e-29,5.60606439014e-313,-2.8018261546097857e-11,5.15549327277e-313,-2.6450508902616188e-11,2.6990005183e-313,2.2918326827594506e-11,-3.6164319939e-313,1.456027522459129e-10,-2.1676333414e-313,7.105447698868782e-11,-5.03670977814e-313,-1.8510678561348118e-10,True,False,Stable,Arb,8.825189400205195e-277,"[{""precision"":""Arb"",""status"":{""Stable"":2},""estimated_relative_accuracy"":8.825189400205195e-277}]",0.0,-6.414540029569674e-27,evaluation/ct-off-arb-point-00023.json,8f2ea7a5bf18a12828d119cbab96f527bd2a539c56ab11e4b1b53757b0607ad7
default,normal,0,q13,-1,1.0,2,9.216240868706269e-32,2.530618726510278e-30,3.168093837046179e-32,-2.739527785180897e-32,-2.2228035816594517e-33,2.614004350390117e-30,6.799890855124237e-52,7.195480167956856e-35,4.435010296802188e-32,-3.975662588236234e-32,1.8354167153079033e-32,-1.6232643760238902e-32,3.777159445634114e-39,-7.303118710790654e-35,True,False,Stable,Double,2.351825196102476e-15,"[{""precision"":""Double"",""status"":{""Stable"":2},""estimated_relative_accuracy"":2.351825196102476e-15}]",1.0947644252537633e-47,3.503246160812043e-46,evaluation/default-normal-point-00000.json,4d32d689eba001fd52931c1a0030f7a9c4aebc0cf2d5c95bdf91823bd560f469
default,normal,1,q13,-1,0.1,2,9.308111057248513e-29,2.4964773833143532e-27,3.059126393469801e-29,-2.7323571842296906e-29,-2.940564463055073e-33,2.5798023235131442e-27,-6.365675547169434e-50,7.279342825503065e-33,4.4561550357093166e-29,-3.994846285895523e-29,1.79312368414068e-29,-1.6052894675384584e-29,3.7501890449992234e-39,-7.290164980094971e-33,True,False,Stable,Double,2.5890297464697764e-13,"[{""precision"":""Double"",""status"":{""Stable"":2},""estimated_relative_accuracy"":2.5890297464697764e-13}]",-2.2420775429197073e-44,-3.587324068671532e-43,evaluation/default-normal-point-00001.json,6a33d8ff9edbc9f69ee53db58aaf94d8b1ee2b27274888a0e7c469e701cb32a7
default,normal,2,q13,-1,0.01,2,9.295354438764687e-26,2.4915039438073815e-24,3.0481733047000333e-26,-2.7316269494264965e-26,-3.0090969043820394e-33,2.5748229280765758e-24,8.605862034084085e-48,7.287769619323866e-31,4.458281449836184e-26,-3.9967736914639274e-26,1.7888999851377826e-26,-1.603497775201045e-26,3.747484800609616e-39,-7.288852416001181e-31,True,False,Stable,Double,1.568974114544641e-12,"[{""precision"":""Double"",""status"":{""Stable"":2},""estimated_relative_accuracy"":1.568974114544641e-12}]",-2.2958874039497803e-41,0.0,evaluation/default-normal-point-00002.json,a4384e907f6b070bbc08217808117a0cc7970b49b37c946992eb8780cc0e6052
default,normal,3,q13,-1,0.001,2,9.294049331671719e-23,2.491008080991155e-21,3.047077443890864e-23,-2.7315537943141034e-23,-3.0159416593979396e-33,2.574326470820483e-21,-1.7365530814335127e-45,7.288612704405984e-29,4.458494213876495e-23,-3.99696652474907e-23,1.7884776742059544e-23,-1.603318663761334e-23,3.7472151233242755e-39,-7.288720989980663e-29,True,False,Stable,Double,3.0708438171257625e-12,"[{""precision"":""Double"",""status"":{""Stable"":2},""estimated_relative_accuracy"":3.0708438171257625e-12}]",0.0,0.0,evaluation/default-normal-point-00003.json,a6c8d9d8faa02c7fccdbf41aad9f7e2863946144869d18aacfafce07b91ed83d
default,normal,4,q13,1,1.0,2,-4.7767423326815334e-32,-1.2091877839370921e-30,1.823935870611129e-32,-1.597240755821041e-32,-3.6009031530189744e-33,-1.2492963384094966e-30,-2.5542201003033606e-51,1.0380265270380896e-34,-9.289525894718352e-32,8.32899692869061e-32,3.0489376350220324e-32,-2.7207938042720595e-32,3.717055548400918e-39,-1.0487186627472062e-34,True,False,Stable,Double,4.9792822727927583e-14,"[{""precision"":""Double"",""status"":{""Stable"":2},""estimated_relative_accuracy"":4.9792822727927583e-14}]",0.0,-1.7516230804060213e-46,evaluation/default-normal-point-00004.json,5553dc1f0cfadd07b952c62f0a9f1532b94967c69b2c03b634664bedfc1d0cd6
default,normal,5,q13,1,0.1,2,-4.454583547040604e-29,-1.193506918950499e-27,1.7920120444061155e-29,-1.6026955303724548e-29,-3.090509816571168e-33,-1.2334906149975974e-27,8.986463619712098e-50,1.0532831853033256e-32,-9.293437058209651e-29,8.33152857827041e-29,3.04715051737017e-29,-2.730462361699563e-29,3.744177943384763e-39,-1.0543646738834539e-32,True,False,Stable,Double,2.401385332262262e-13,"[{""precision"":""Double"",""status"":{""Stable"":2},""estimated_relative_accuracy"":2.401385332262262e-13}]",-5.605193857299268e-45,-1.793662034335766e-43,evaluation/default-normal-point-00005.json,e81d8c7c2368db8186590f2467c55ccda1a8b33f746c9aab04733de17579d3b1
default,normal,6,q13,1,0.01,2,-4.4580932553776035e-26,-1.1948238205099287e-24,1.788789187244632e-26,-1.6032384655058897e-26,-3.024104712202716e-33,-1.2347950811535664e-24,-1.4894810975526409e-47,1.0548213034325026e-30,-9.293857265524022e-26,8.331801794231225e-26,3.046975125311884e-26,-2.7314372535343454e-26,3.7468836849491185e-39,-1.0549295758058101e-30,True,False,Stable,Double,1.3308004722570136e-11,"[{""precision"":""Double"",""status"":{""Stable"":2},""estimated_relative_accuracy"":1.3308004722570136e-11}]",1.1479437019748901e-41,-1.8367099231598242e-40,evaluation/default-normal-point-00006.json,bc8b19debe6bda93b60613ec1975d19d35567d1372b772480f027e5f5dfebbf3
default,normal,7,q13,1,0.001,2,-4.458475355164423e-23,-1.1949574923972767e-21,1.7884665978599238e-23,-1.6032927357611042e-23,-3.017415504435699e-33,-1.2349275099877503e-21,6.975534934148052e-47,1.0549752406788443e-28,-9.293899572329259e-23,8.331829319240728e-23,3.046957619606654e-23,-2.731534824323981e-23,3.7471541657020274e-39,-1.0549860690519677e-28,True,False,Stable,Double,1.3321857670515406e-10,"[{""precision"":""Double"",""status"":{""Stable"":2},""estimated_relative_accuracy"":1.3321857670515406e-10}]",0.0,0.0,evaluation/default-normal-point-00007.json,953643c0633bc4319d50a6feaf646581eb49fbb2d74de6fc0be9823c80943c93
default,normal,8,q14,-1,1.0,2,-8.100299440620757e-36,-2.6405991450972387e-35,6.504343821764933e-42,-1.458769662886152e-35,-6.953702900401017e-36,-2.7252072530424003e-35,-1.4583240699213792e-52,1.4180761738348316e-35,1.1214405157500834e-34,-7.206256822731526e-35,3.6837610698083694e-40,7.077887543622966e-38,-1.1329102299567886e-34,7.324480532184386e-35,True,False,Stable,Double,1.3501880852064838e-08,"[{""precision"":""Double"",""status"":{""Stable"":2},""estimated_relative_accuracy"":1.3501880852064838e-08}]",2.1382117680737565e-50,5.345529420184391e-51,evaluation/default-normal-point-00008.json,9bcfca4caa6677fddb215a07153af94d48b87a076d05275d101c2e55aae7e018
default,normal,9,q14,-1,0.1,2,-7.836107371965822e-35,-6.289770824641325e-35,6.072867614806202e-42,-1.4625085439000536e-33,-6.670454448212054e-35,-7.111738908259148e-35,3.005583990147741e-66,1.4583440263002155e-33,1.122639073914906e-32,-7.217785298645382e-33,3.6076776987841545e-40,7.068142353998273e-37,-1.1238047635227235e-32,7.229462682845999e-33,True,False,Stable,Quad,1.600074640172143e-21,"[{""precision"":""Double"",""status"":{""Unstable"":2},""estimated_relative_accuracy"":2.5214972336908845e-06},{""precision"":""Quad"",""status"":{""Stable"":2},""estimated_relative_accuracy"":1.600074640172143e-21}]",-5.559350596991767e-49,6.628456481028645e-49,evaluation/default-normal-point-00009.json,0316b47f1ccc57edfe7c59e4663acbea4c6417a3195b87514d1f73b3c93ee767
default,normal,10,q14,-1,0.01,2,-7.810137444778454e-34,-4.402233060622404e-34,6.031044312871964e-42,-1.4628904484601162e-31,-6.642585633567233e-34,-5.2217671096096184e-34,-1.7152701421862847e-64,1.4624730197139758e-31,1.1227695916118302e-30,-7.218818294011712e-31,3.6000953822747573e-40,7.067171340320243e-36,-1.1228863471589918e-30,7.219984585093437e-31,True,False,Stable,Quad,7.360993500755455e-19,"[{""precision"":""Double"",""status"":{""Unstable"":2},""estimated_relative_accuracy"":0.02493231712560888},{""precision"":""Quad"",""status"":{""Stable"":2},""estimated_relative_accuracy"":7.360993500755455e-19}]",1.1546343547598285e-46,1.3855612257117942e-47,evaluation/default-normal-point-00010.json,3c248b50e43c718b0035a2b8e811c5ddf22294a264ff9ceec1143189e2357d8b
default,normal,11,q14,-1,0.001,2,-7.807545146840793e-33,-4.2146596720111746e-33,6.026875027730673e-42,-1.4629287195762796e-29,-6.639803516406605e-33,-5.033950086424035e-33,-2.5553228762557803e-62,1.462886966905856e-29,1.122782750103873e-28,-7.218920398909705e-29,3.599337417213098e-40,7.067074273051038e-35,-1.1227944275238369e-28,7.219037013547297e-29,True,False,Stable,Quad,3.2421057313572396e-15,"[{""precision"":""Double"",""status"":{""Unstable"":2},""estimated_relative_accuracy"":0.7141843321874342},{""precision"":""Quad"",""status"":{""Stable"":2},""estimated_relative_accuracy"":3.2421057313572396e-15}]",1.0044463601703279e-44,-2.0506306140534554e-45,evaluation/default-normal-point-00011.json,0e1b0d67ee5579b4686b63c3e5686dc6958692ef98ea6e2c2b50793efd2bd466
default,normal,12,q14,1,1.0,2,-7.744572831744021e-36,-2.508043030822349e-35,5.5777146379109296e-42,-4.463345448777127e-35,-6.598994391995735e-36,-2.590857919544677e-35,5.4853341709467266e-52,4.421966914963451e-35,5.725426760508405e-34,-3.681463727439348e-34,3.515345256466569e-40,7.028279726956711e-38,-5.736886116028291e-34,3.693180241720253e-34,True,False,Stable,Double,4.697448891702303e-09,"[{""precision"":""Double"",""status"":{""Stable"":2},""estimated_relative_accuracy"":4.697448891702303e-09}]",-8.018294130276587e-51,0.0,evaluation/default-normal-point-00012.json,e137697b60ec1fd69eae7d65b0dc4198b01ee3fd274da23bb4e23a277a4b87a3
default,normal,13,q14,1,0.1,2,-7.800635457599791e-35,-6.410999059723506e-35,5.98024855168065e-42,-4.48659945013427e-33,-6.635097687978983e-35,-7.231152421234122e-35,6.95240282693729e-67,4.4824278574508484e-33,5.792389927348685e-32,-3.7242622321284543e-32,3.590834704846953e-40,7.063158928121604e-37,-5.793555501624677e-32,3.7254289131690254e-32,True,False,Stable,Quad,4.8592675810649254e-21,"[{""precision"":""Double"",""status"":{""Unstable"":2},""estimated_relative_accuracy"":3.0022658569052026e-05},{""precision"":""Quad"",""status"":{""Stable"":2},""estimated_relative_accuracy"":4.8592675810649254e-21}]",3.634960005725386e-48,-4.2978056538282506e-48,evaluation/default-normal-point-00013.json,94f781b03f10584f01e59d6667bdc3b1359b6fcf0582a1c274e52dc14eb1e5a7
default,normal,14,q14,1,0.01,2,-7.806591207350989e-34,-4.416899229931383e-34,6.021782450417828e-42,-4.488938611925938e-31,-6.639051045924153e-34,-5.236251584826076e-34,-3.558260626112263e-64,4.488521112197967e-31,5.799149348263097e-30,-3.728563425137401e-30,3.5984110814683307e-40,7.066672769887661e-36,-5.799266102645102e-30,3.728680043672918e-30,True,False,Stable,Quad,3.481395597345454e-18,"[{""precision"":""Double"",""status"":{""Unstable"":2},""estimated_relative_accuracy"":0.002946200099235224},{""precision"":""Quad"",""status"":{""Stable"":2},""estimated_relative_accuracy"":3.481395597345454e-18}]",5.366056253157899e-46,9.85287982728387e-47,evaluation/default-normal-point-00014.json,d40bb2c6df20b21db25e6b30008aea95d2c3a02dfcf96e1574fe3c41091d544f
default,normal,15,q14,1,0.001,2,-7.807190532548327e-33,-4.2161517334788234e-33,6.025948841529122e-42,-4.48917266540612e-29,-6.639450068437217e-33,-5.0354239762565894e-33,-6.769477048811669e-63,4.4891309120256467e-29,5.799825925525806e-28,-3.7289937600802756e-28,3.5991689871310435e-40,7.067024413727919e-35,-5.799837602934107e-28,3.7290054214383093e-28,True,False,Stable,Quad,1.402993483710345e-15,"[{""precision"":""Double"",""status"":{""Unstable"":2},""estimated_relative_accuracy"":0.3263249262841345},{""precision"":""Quad"",""status"":{""Stable"":2},""estimated_relative_accuracy"":1.402993483710345e-15}]",-4.690655025552906e-44,3.7098829460786905e-45,evaluation/default-normal-point-00015.json,a56ffc3275f5e8f161ddb9ac50a015a47fffadcef5e8f1f3be617c302f4286c0
default,normal,16,both,-1,1.0,5,1.880037096394618e-30,-7.6295810454952495e-31,6.145530425736388e-31,-9.204986695771853e-27,6.984639039248852e-35,3.8924147471689455e-26,3.6118786591872413e-44,2.263597528018842e-27,8.998664516344857e-31,-1.3445440893611113e-26,3.6407846018259844e-31,-4.200899763472465e-26,1.4692956134665579e-33,2.3470917266294766e-26,True,False,Stable,Double,5.505175328010425e-09,"[{""precision"":""Double"",""status"":{""Stable"":2},""estimated_relative_accuracy"":5.505175328010425e-09}]",0.0,-1.3970945689318426e-42,evaluation/default-normal-point-00016.json,b4b9f3f45e813967bbc9fd684cabdac3fc5852ddf95e97e340a72d18ae08d4e6
default,normal,17,both,-1,0.1,5,1.884111640331039e-27,-7.585465765024932e-28,6.175155159193589e-28,-9.237366353391609e-22,6.747416088358585e-34,3.8926017306537876e-21,4.305227328292039e-56,2.259918019906295e-22,9.03656336447504e-28,-1.351431557322806e-21,3.62792158226135e-28,-4.173665408687747e-21,1.4695499643194353e-31,2.330239310158721e-21,True,False,Stable,Quad,1.8098301861696022e-22,"[{""precision"":""Double"",""status"":{""Unstable"":2},""estimated_relative_accuracy"":1.010094841033635e-06},{""precision"":""Quad"",""status"":{""Stable"":2},""estimated_relative_accuracy"":1.8098301861696022e-22}]",-3.587324068671532e-43,4.468145755351951e-37,evaluation/default-normal-point-00017.json,2d75a7e983e0114ba9a711ed98c9af6eb2a55fc8d896f80cd6c952c58546bdad
default,normal,18,both,-1,0.01,5,1.884514486181594e-24,-7.5810505580835785e-25,6.178097514747888e-25,-9.240599322086435e-17,6.72423686642977e-33,3.892619928115032e-16,-1.5754252967998808e-50,2.2595272247399735e-17,9.040287738659598e-25,-1.3521244061708298e-16,3.6266125843786176e-25,-4.1709399408870996e-16,1.4695678746725527e-29,2.328551621096493e-16,True,False,Stable,Quad,1.3793408382118727e-19,"[{""precision"":""Double"",""status"":{""Unstable"":2},""estimated_relative_accuracy"":0.0018618755461476085},{""precision"":""Quad"",""status"":{""Stable"":2},""estimated_relative_accuracy"":1.3793408382118727e-19}]",0.0,2.2285533702109015e-32,evaluation/default-normal-point-00018.json,a3bd27a4f0255cd8843c78180b64cda254d03f72ea27d7d3c1a9812fd39d377b
default,normal,19,both,-1,0.001,5,1.8845547219418995e-21,-7.580608970006427e-22,6.178391546710162e-22,-9.240922568186519e-12,6.721924275866048e-32,3.892621743822766e-11,3.86689520306535e-47,2.259487916206647e-12,9.040659517993305e-22,-1.3521937323752426e-11,3.626481458347431e-22,-4.1706673745253584e-11,1.4695695902985635e-27,2.3283828282000158e-11,True,False,Stable,Quad,7.919679671330062e-17,"[{""precision"":""Double"",""status"":{""Unstable"":2},""estimated_relative_accuracy"":0.34535167444933745},{""precision"":""Quad"",""status"":{""Stable"":2},""estimated_relative_accuracy"":7.919679671330062e-17}]",0.0,3.5269372700667886e-28,evaluation/default-normal-point-00019.json,f4fff0bd8bbeb266531cda54b9983c2e21bd95a0873e06d9b077a35f652034f2
default,normal,20,both,1,1.0,5,-9.085595356872757e-31,3.622100026794198e-31,3.5955582617569063e-31,-2.7627059132761453e-26,6.882483284822452e-35,-2.642772383415058e-26,-4.023396825512366e-43,2.2609952538755674e-26,-1.8897340847334115e-30,1.4434488717618972e-25,6.140092115169515e-31,7.025012992108909e-26,7.540686521047878e-33,-1.831498244591198e-25,True,False,Stable,Double,2.1005556643606904e-09,"[{""precision"":""Double"",""status"":{""Stable"":2},""estimated_relative_accuracy"":2.1005556643606904e-09}]",1.7516230804060213e-46,-1.725659647296703e-41,evaluation/default-normal-point-00020.json,a0973a937906443c18223817930ea82bee564336066f044b0f46857e74fa29f3
default,normal,21,both,1,0.1,5,-9.045286565986289e-28,3.6351444839815966e-28,3.6234277454931215e-28,-2.797922112622624e-21,6.738319079404091e-34,-2.644824282252716e-21,-2.7329550413838343e-55,2.288756984374613e-21,-1.88509533498122e-27,1.4547723477698792e-20,6.1746460707563585e-28,7.097417719181456e-21,7.586229257352207e-31,-1.8491151422865073e-20,True,False,Stable,Quad,7.737310315915679e-22,"[{""precision"":""Double"",""status"":{""Unstable"":2},""estimated_relative_accuracy"":4.339837157351797e-06},{""precision"":""Quad"",""status"":{""Stable"":2},""estimated_relative_accuracy"":7.737310315915679e-22}]",0.0,6.145334103410581e-37,evaluation/default-normal-point-00021.json,c32580a2e29506f730a6fa7cdbfb053058f656c6489bddedecbccfce229ff515
default,normal,22,both,1,0.01,5,-9.041160337119062e-25,3.636439918106048e-25,3.626163493560505e-25,-2.8014709923099345e-16,6.723338366797456e-33,-2.6450302826395194e-16,3.656297825320357e-49,2.291552893245844e-16,-1.8846129928310314e-24,1.455913336649959e-15,6.178046953685427e-25,7.104717161172144e-16,7.590767119361565e-29,-1.8508902142331684e-15,True,False,Stable,Quad,9.349623828729001e-19,"[{""precision"":""Double"",""status"":{""Unstable"":2},""estimated_relative_accuracy"":0.006388065536406821},{""precision"":""Quad"",""status"":{""Stable"":2},""estimated_relative_accuracy"":9.349623828729001e-19}]",0.0,2.9986099848719893e-32,evaluation/default-normal-point-00022.json,466a82dbc95b906054ddc72a5784bc5b22c3f05cb1cfd189171ecc0fec94c715
default,normal,23,both,1,0.001,5,-9.040746780598952e-22,3.636569405455811e-22,3.626436552199065e-22,-2.8018261546243725e-11,6.721834537938913e-32,-2.6450508902616188e-11,-4.3259072654099285e-44,2.2918326827594506e-11,-1.884564573975965e-21,1.4560275224667095e-10,6.178386494082054e-22,7.105447698843931e-11,7.59122073987186e-27,-1.8510678561348118e-10,True,False,Stable,Quad,1.1266999063466097e-16,"[{""precision"":""Double"",""status"":{""Unstable"":2},""estimated_relative_accuracy"":0.17919320084729126},{""precision"":""Quad"",""status"":{""Stable"":2},""estimated_relative_accuracy"":1.1266999063466097e-16}]",1.88079096131566e-37,1.172329365041375e-26,evaluation/default-normal-point-00023.json,f0980c6a85aaf0ceb6a3475d1465f48f959b220b654aa4a2d9abbc68376e0204
default,arb,0,q13,-1,1.0,2,9.216240868706082e-32,2.5306187265105206e-30,3.168093837045985e-32,-2.739527785181128e-32,-2.222803581659231e-33,2.614004350390331e-30,0.0,7.195480167956406e-35,4.435010296802019e-32,-3.975662588232967e-32,1.8354167153080563e-32,-1.6232643760241182e-32,3.77715944563205e-39,-7.303118710790559e-35,True,False,Stable,Arb,4.651684113527235e-301,"[{""precision"":""Arb"",""status"":{""Stable"":2},""estimated_relative_accuracy"":4.651684113527235e-301}]",0.0,0.0,evaluation/default-arb-point-00000.json,6ba2f208b1510adb58b92b288602cd009aa342200a16653c085fd9ac5d74ca3d
default,arb,1,q13,-1,0.1,2,9.308111057254241e-29,2.496477383312953e-27,3.0591263934640516e-29,-2.732357184337048e-29,-2.940564463139097e-33,2.5798023235124483e-27,0.0,7.279342825508582e-33,4.456155035719608e-29,-3.994846285878447e-29,1.7931236841418773e-29,-1.6052894675185818e-29,3.750189044838066e-39,-7.290164980093959e-33,True,False,Stable,Arb,1.4472868056930645e-298,"[{""precision"":""Arb"",""status"":{""Stable"":2},""estimated_relative_accuracy"":1.4472868056930645e-298}]",0.0,0.0,evaluation/default-arb-point-00001.json,27a9e7ddc7edfbca848824c5737b14af5ad6d100c09f1a915783e4175a481682
default,arb,2,q13,-1,0.01,2,9.295354438756679e-26,2.4915039438137247e-24,3.0481733047516856e-26,-2.7316269494732907e-26,-3.0090969750715e-33,2.5748229280837356e-24,0.0,7.28776961929815e-31,4.45828144976341e-26,-3.9967736916946055e-26,1.7888999851509062e-26,-1.6034977750052165e-26,3.747484809478576e-39,-7.2888524159697136e-31,True,False,Stable,Arb,6.022895489268686e-298,"[{""precision"":""Arb"",""status"":{""Stable"":2},""estimated_relative_accuracy"":6.022895489268686e-298}]",0.0,0.0,evaluation/default-arb-point-00002.json,30a9af4e4984397d3e7835a21593dbe78b9ccad6ccfdc1736517fa887e2214a9
default,arb,3,q13,-1,0.001,2,9.294049330513858e-23,2.4910080812114988e-21,3.047077444067108e-23,-2.731553794471941e-23,-3.015861103950701e-33,2.574326471014362e-21,0.0,7.288612704193979e-29,4.4584942125291023e-23,-3.9969665220669795e-23,1.7884776742192333e-23,-1.6033186636391005e-23,3.747214317192338e-39,-7.288720989671457e-29,True,False,Stable,Arb,4.7129137452551e-296,"[{""precision"":""Arb"",""status"":{""Stable"":2},""estimated_relative_accuracy"":4.7129137452551e-296}]",0.0,0.0,evaluation/default-arb-point-00003.json,60317ffb09ba1b9d8f2759ba9172f18f88dc69202fa0bfd44df02d3720705e12
default,arb,4,q13,1,1.0,2,-4.776742332684844e-32,-1.2091877839372829e-30,1.8239358706110692e-32,-1.5972407558233565e-32,-3.6009031530189936e-33,-1.249296338409397e-30,0.0,1.0380265270379173e-34,-9.289525894721366e-32,8.328996928666029e-32,3.0489376350217975e-32,-2.720793804274154e-32,3.717055548400578e-39,-1.0487186627471812e-34,True,False,Stable,Arb,5.487555838249943e-299,"[{""precision"":""Arb"",""status"":{""Stable"":2},""estimated_relative_accuracy"":5.487555838249943e-299}]",0.0,1.7516230804060213e-46,evaluation/default-arb-point-00004.json,9e069f0cd06edf2324edf354c3a215f9f804e3edb7658c2dc0f4c4b8e3a8e0f7
default,arb,5,q13,1,0.1,2,-4.454583547029268e-29,-1.1935069189488914e-27,1.7920120444086123e-29,-1.6026955303747255e-29,-3.090509816588391e-33,-1.2334906149961445e-27,0.0,1.0532831853041909e-32,-9.29343705821372e-29,8.331528578277569e-29,3.047150517383081e-29,-2.730462361688956e-29,3.744177943377927e-39,-1.05436467388342e-32,True,False,Stable,Arb,8.217160458436095e-298,"[{""precision"":""Arb"",""status"":{""Stable"":2},""estimated_relative_accuracy"":8.217160458436095e-298}]",5.605193857299268e-45,0.0,evaluation/default-arb-point-00005.json,a1adbfe674fdeb19b6a6da86165576298da15e1d0e96455e9cfdbfa511bf05a2
default,arb,6,q13,1,0.01,2,-4.4580932553564366e-26,-1.1948238205265445e-24,1.7887891872621507e-26,-1.6032384655215276e-26,-3.0241047440598973e-33,-1.23479508116102e-24,0.0,1.0548213034268382e-30,-9.293857265626687e-26,8.331801792414137e-26,3.046975125418199e-26,-2.731437252617809e-26,3.746883698620781e-39,-1.0549295758154635e-30,True,False,Stable,Arb,3.304835967079634e-297,"[{""precision"":""Arb"",""status"":{""Stable"":2},""estimated_relative_accuracy"":3.304835967079634e-297}]",-5.739718509874451e-42,1.8367099231598242e-40,evaluation/default-arb-point-00006.json,6ea00e8a8ab0060d34dc9c90b21c9fb0d0d70b1cafbf86363e343dce6d810a42
default,arb,7,q13,1,0.001,2,-4.4584753587248596e-23,-1.1949574919545186e-21,1.7884665980928254e-23,-1.6032927335330223e-23,-3.017361894094974e-33,-1.2349275095509236e-21,0.0,1.0549752405284374e-28,-9.29389957674335e-23,8.331829315921951e-23,3.0469576202274006e-23,-2.7315348226401415e-23,3.747154206105847e-39,-1.0549860690033902e-28,True,False,Stable,Arb,3.06980308666378e-296,"[{""precision"":""Arb"",""status"":{""Stable"":2},""estimated_relative_accuracy"":3.06980308666378e-296}]",0.0,0.0,evaluation/default-arb-point-00007.json,4c5daa93014a91717b252fadff7747f40096d705f7cbd925215fe50bda2c5d4b
default,arb,8,q14,-1,1.0,2,-8.100299439042932e-36,-2.640599270106688e-35,6.504343821331558e-42,-1.4587696628860358e-35,-6.953702898847457e-36,-2.725207378049762e-35,0.0,1.4180761738348994e-35,1.1214405157500923e-34,-7.206256822731605e-35,3.683761069808361e-40,7.077887543623001e-38,-1.1329102299565553e-34,7.324480532182193e-35,True,False,Stable,Arb,2.046372903798712e-293,"[{""precision"":""Arb"",""status"":{""Stable"":2},""estimated_relative_accuracy"":2.046372903798712e-293}]",-1.870935297064537e-50,5.345529420184391e-51,evaluation/default-arb-point-00008.json,7ba3c8177887d3281b6351e9ad76a470123df27a47352f7dd7959981836560a3
default,arb,9,q14,-1,0.1,2,-7.836107371965822e-35,-6.289770824641325e-35,6.072867614806202e-42,-1.4625085439000536e-33,-6.670454448212054e-35,-7.111738908259148e-35,0.0,1.4583440263002155e-33,1.122639073914906e-32,-7.217785298645382e-33,3.6076776987841545e-40,7.068142353998273e-37,-1.1238047635227235e-32,7.229462682845999e-33,True,False,Stable,Arb,1.1671969354470641e-290,"[{""precision"":""Arb"",""status"":{""Stable"":2},""estimated_relative_accuracy"":1.1671969354470641e-290}]",-5.559350596991767e-49,6.628456481028645e-49,evaluation/default-arb-point-00009.json,16f7e6d645a1e9ff0fff60df07078b099e4a14e64b5b9f23450436ddcc729fd3
default,arb,10,q14,-1,0.01,2,-7.810137444778454e-34,-4.402233060622404e-34,6.031044312871964e-42,-1.4628904484601162e-31,-6.642585633567233e-34,-5.2217671096096184e-34,0.0,1.4624730197139758e-31,1.1227695916118302e-30,-7.218818294011712e-31,3.6000953822747573e-40,7.067171340320243e-36,-1.1228863471589918e-30,7.219984585093437e-31,True,False,Stable,Arb,2.4658525239759096e-287,"[{""precision"":""Arb"",""status"":{""Stable"":2},""estimated_relative_accuracy"":2.4658525239759096e-287}]",1.1546343547598285e-46,1.3855612257117942e-47,evaluation/default-arb-point-00010.json,c095065da1e4d27a8b1772e6abb9295f5c7bce2a514baedcd1662ae0668f0e74
default,arb,11,q14,-1,0.001,2,-7.807545146840792e-33,-4.214659672011266e-33,6.026875027730673e-42,-1.4629287195762796e-29,-6.639803516406605e-33,-5.0339500864241264e-33,0.0,1.462886966905856e-29,1.122782750103873e-28,-7.218920398909705e-29,3.599337417213098e-40,7.067074273051038e-35,-1.1227944275238369e-28,7.219037013547297e-29,True,False,Stable,Arb,2.86403221767933e-284,"[{""precision"":""Arb"",""status"":{""Stable"":2},""estimated_relative_accuracy"":2.86403221767933e-284}]",1.0043095146171711e-44,-2.0506306140534554e-45,evaluation/default-arb-point-00011.json,283e0d98a673c9d90d1ee1620960bae91ae985746bede434946aad818d7d45a4
default,arb,12,q14,1,1.0,2,-7.744572830634061e-36,-2.508043058311613e-35,5.5777146377585714e-42,-4.463345448775221e-35,-6.598994391635242e-36,-2.590857946970915e-35,0.0,4.4219669149626206e-35,5.725426760510179e-34,-3.6814637274404934e-34,3.515345256466569e-40,7.028279726956738e-38,-5.73688611602257e-34,3.693180241714988e-34,True,False,Stable,Arb,2.8574062552661205e-293,"[{""precision"":""Arb"",""status"":{""Stable"":2},""estimated_relative_accuracy"":2.8574062552661205e-293}]",1.0691058840368783e-50,1.6036588260553174e-50,evaluation/default-arb-point-00012.json,1a776e6834d19947e612163960cd66070866b87f932d86a3a2668d09757c612e
default,arb,13,q14,1,0.1,2,-7.800635457599791e-35,-6.410999059723506e-35,5.98024855168065e-42,-4.48659945013427e-33,-6.635097687978983e-35,-7.231152421234122e-35,0.0,4.4824278574508484e-33,5.792389927348685e-32,-3.7242622321284543e-32,3.590834704846953e-40,7.063158928121604e-37,-5.793555501624677e-32,3.7254289131690254e-32,True,False,Stable,Arb,1.569545386321407e-290,"[{""precision"":""Arb"",""status"":{""Stable"":2},""estimated_relative_accuracy"":1.569545386321407e-290}]",3.634960005725386e-48,-4.2978056538282506e-48,evaluation/default-arb-point-00013.json,8bbdf3be3047b7f77ad1c8a13606415a0ff4fcf10522ee750f42236b0bfdf2bf
default,arb,14,q14,1,0.01,2,-7.806591207350989e-34,-4.416899229931383e-34,6.021782450417828e-42,-4.488938611925938e-31,-6.639051045924153e-34,-5.236251584826076e-34,0.0,4.488521112197967e-31,5.799149348263097e-30,-3.728563425137401e-30,3.5984110814683307e-40,7.066672769887661e-36,-5.799266102645102e-30,3.728680043672918e-30,True,False,Stable,Arb,6.368629345884475e-287,"[{""precision"":""Arb"",""status"":{""Stable"":2},""estimated_relative_accuracy"":6.368629345884475e-287}]",5.366056253157899e-46,9.85287982728387e-47,evaluation/default-arb-point-00014.json,3aecc9e778db0354433da9d0ddbee451a82556e88b4056252ac1af131d98ea04
default,arb,15,q14,1,0.001,2,-7.807190532548327e-33,-4.216151733478751e-33,6.025948841529122e-42,-4.48917266540612e-29,-6.639450068437217e-33,-5.035423976256517e-33,0.0,4.4891309120256467e-29,5.799825925525806e-28,-3.7289937600802756e-28,3.5991689871310435e-40,7.067024413727919e-35,-5.799837602934107e-28,3.7290054214383093e-28,True,False,Stable,Arb,8.336014714447198e-286,"[{""precision"":""Arb"",""status"":{""Stable"":2},""estimated_relative_accuracy"":8.336014714447198e-286}]",-4.690655025552906e-44,3.7098829460786905e-45,evaluation/default-arb-point-00015.json,5057e4ebf9967290a6d8efd45a127cbc97b8d2417fc440a4355920065d3c8a0f
default,arb,16,both,-1,1.0,5,1.880037096399667e-30,-7.629581426009334e-31,6.1455304257330555e-31,-9.204986695773172e-27,6.984640030810671e-35,3.892414747168314e-26,0.0,2.26359752801875e-27,8.998664516321853e-31,-1.3445440893614898e-26,3.640784601801235e-31,-4.2008997634726727e-26,1.4692956137444142e-33,2.3470917266270307e-26,True,False,Stable,Arb,1.0487369460558196e-294,"[{""precision"":""Arb"",""status"":{""Stable"":2},""estimated_relative_accuracy"":1.0487369460558196e-294}]",0.0,2.852255442979145e-42,evaluation/default-arb-point-00016.json,68afcf316c60d65f7b6417099c5c808b255deb1c169ef8d413780b088f374b42
default,arb,17,both,-1,0.1,5,1.884111640331039e-27,-7.585465765024932e-28,6.175155159193589e-28,-9.237366353391609e-22,6.747416088358585e-34,3.8926017306537876e-21,-5e-324,2.259918019906295e-22,9.03656336447504e-28,-1.351431557322806e-21,3.62792158226135e-28,-4.173665408687747e-21,1.4695499643194353e-31,2.330239310158721e-21,True,False,Stable,Arb,3.860636855009121e-291,"[{""precision"":""Arb"",""status"":{""Stable"":2},""estimated_relative_accuracy"":3.860636855009121e-291}]",-3.587324068671532e-43,4.468145755351951e-37,evaluation/default-arb-point-00017.json,7c85c312c9cbbbbc13e3ce72ba28bba13f8e85c9dc0a36d6ff626d2b2a7c1d0d
default,arb,18,both,-1,0.01,5,1.884514486181594e-24,-7.5810505580835785e-25,6.178097514747888e-25,-9.240599322086435e-17,6.72423686642977e-33,3.892619928115032e-16,-3.0217e-319,2.2595272247399735e-17,9.040287738659598e-25,-1.3521244061708298e-16,3.6266125843786176e-25,-4.1709399408870996e-16,1.4695678746725527e-29,2.328551621096493e-16,True,False,Stable,Arb,6.253992103193745e-289,"[{""precision"":""Arb"",""status"":{""Stable"":2},""estimated_relative_accuracy"":6.253992103193745e-289}]",0.0,2.2285533702109015e-32,evaluation/default-arb-point-00018.json,4e0d74c839324b5d12fb94d4f265be5171eed1acd558f1423f4c19cfa52416c7
default,arb,19,both,-1,0.001,5,1.8845547219418995e-21,-7.580608970006425e-22,6.178391546710162e-22,-9.240922568186519e-12,6.721924275870545e-32,3.892621743822766e-11,8.15396887e-315,2.259487916206647e-12,9.040659517993305e-22,-1.3521937323752426e-11,3.626481458347431e-22,-4.1706673745253584e-11,1.4695695902985635e-27,2.3283828282000158e-11,True,False,Stable,Arb,2.2015512779722974e-285,"[{""precision"":""Arb"",""status"":{""Stable"":2},""estimated_relative_accuracy"":2.2015512779722974e-285}]",0.0,3.5269372681859977e-28,evaluation/default-arb-point-00019.json,8819e35890c26a4db080d5b5ba435963611142e721ca3b2892d5c381c1f3b575
default,arb,20,both,1,1.0,5,-9.085595356968781e-31,3.622100734499901e-31,3.5955582617527173e-31,-2.7627059132755364e-26,6.882481815985648e-35,-2.6427723834154075e-26,0.0,2.260995253874582e-26,-1.88973408472812e-30,1.4434488717620988e-25,6.140092115118127e-31,7.02501299211317e-26,7.540686525997613e-33,-1.8314982445910453e-25,True,False,Stable,Arb,9.988803290458675e-294,"[{""precision"":""Arb"",""status"":{""Stable"":2},""estimated_relative_accuracy"":9.988803290458675e-294}]",1.7516230804060213e-46,-1.1357961959122744e-41,evaluation/default-arb-point-00020.json,40bd6cde737ea8dd19565c64dc970537cb502454d21e669eb2d5acac64c9b7ed
default,arb,21,both,1,0.1,5,-9.045286565986289e-28,3.6351444839815966e-28,3.6234277454931215e-28,-2.797922112622624e-21,6.738319079404091e-34,-2.644824282252716e-21,0.0,2.288756984374613e-21,-1.88509533498122e-27,1.4547723477698792e-20,6.1746460707563585e-28,7.097417719181456e-21,7.586229257352207e-31,-1.8491151422865073e-20,True,False,Stable,Arb,7.83077927769446e-291,"[{""precision"":""Arb"",""status"":{""Stable"":2},""estimated_relative_accuracy"":7.83077927769446e-291}]",0.0,6.145334103410581e-37,evaluation/default-arb-point-00021.json,4e6e53b83e62e6f25ff5a6bf1c5604ff18554f7e3af20eacb5ebe5d3070bfc47
default,arb,22,both,1,0.01,5,-9.041160337119062e-25,3.636439918106048e-25,3.626163493560505e-25,-2.8014709923099345e-16,6.723338366797456e-33,-2.6450302826395194e-16,2.236156e-318,2.291552893245844e-16,-1.8846129928310314e-24,1.455913336649959e-15,6.178046953685427e-25,7.104717161172144e-16,7.590767119361565e-29,-1.8508902142331684e-15,True,False,Stable,Arb,7.086204215206061e-288,"[{""precision"":""Arb"",""status"":{""Stable"":2},""estimated_relative_accuracy"":7.086204215206061e-288}]",0.0,2.9986099848719893e-32,evaluation/default-arb-point-00022.json,b242c58761d025aa9f073e92d93ce7fe9762331891d75e7e2849485d613185f8
default,arb,23,both,1,0.001,5,-9.040746780598952e-22,3.636569405455773e-22,3.626436552199065e-22,-2.8018261546243725e-11,6.721834537936343e-32,-2.6450508902616188e-11,2.6990005183e-313,2.2918326827594506e-11,-1.884564573975965e-21,1.4560275224667095e-10,6.178386494082054e-22,7.105447698843931e-11,7.59122073987186e-27,-1.8510678561348118e-10,True,False,Stable,Arb,1.6157774510750376e-284,"[{""precision"":""Arb"",""status"":{""Stable"":2},""estimated_relative_accuracy"":1.6157774510750376e-284}]",1.88079096131566e-37,1.1723293654222352e-26,evaluation/default-arb-point-00023.json,af7d26784e5f3e6cccafccbf04a9d393460bd80d75dafa23c9f14cd4e6bce481
candidate,normal,0,q13,-1,1.0,2,-8.786765950989293e-36,1.107275573711791e-34,3.168093837046179e-32,-2.739527785180897e-32,-9.439399903467314e-32,8.349635143720973e-32,6.799890855124237e-52,7.195480167956856e-35,4.435010296802188e-32,-3.975662588236234e-32,1.835416715307904e-32,-1.6232643760238902e-32,3.7771594456341144e-39,-7.303118710790654e-35,True,False,Stable,Double,2.5466006896114897e-10,"[{""precision"":""Double"",""status"":{""Stable"":2},""estimated_relative_accuracy"":2.5466006896114897e-10}]",5.839990891551447e-48,2.1809760034352316e-48,evaluation/candidate-normal-point-00000.json,d439b151d0d83afc53384470ec0e3d835fdec76c95447dff8c9eab324bc8b9d7
candidate,normal,1,q13,-1,0.1,2,-3.075544244148485e-35,1.4724647976469149e-33,3.059126393469801e-29,-2.7323571842296906e-29,-9.308408189239062e-29,8.332641266358869e-29,-6.365675547169434e-50,7.279342825503065e-33,4.4561550357093194e-29,-3.9948462858955094e-29,1.7931236841406784e-29,-1.6052894675384584e-29,3.750189044999223e-39,-7.290164980094971e-33,True,False,Stable,Double,2.0042910624112094e-07,"[{""precision"":""Double"",""status"":{""Stable"":2},""estimated_relative_accuracy"":2.0042910624112094e-07}]",-6.010304804407942e-45,-1.343240027828664e-43,evaluation/candidate-normal-point-00001.json,b3d410ed59d9e3141ed75cfec008e3d92ab0872fea3533d9059ebbd44f6bc27b
candidate,normal,2,q13,-1,0.01,2,-2.484389544996879e-34,1.5091314737676003e-32,3.0481733047516856e-26,-2.7316269494732907e-26,-9.295354764510271e-26,8.331899936132553e-26,1.6945130398260586e-63,7.28776961929815e-31,4.45828144976341e-26,-3.9967736916946055e-26,1.7888999851509062e-26,-1.6034977750052165e-26,3.747484809478576e-39,-7.2888524159697136e-31,True,False,Stable,Quad,9.002828806670296e-21,"[{""precision"":""Double"",""status"":{""Unstable"":2},""estimated_relative_accuracy"":0.0007941665798936471},{""precision"":""Quad"",""status"":{""Stable"":2},""estimated_relative_accuracy"":9.002828806670296e-21}]",7.954476548675833e-42,-1.0393419762252916e-42,evaluation/candidate-normal-point-00002.json,e8fc94e3da6e2a80a854cffc8be0a5248f2e484cc30b53865a203e4e11bd3108
candidate,normal,3,q13,-1,0.001,2,-2.4254386410205805e-33,1.5127682218581283e-31,3.047077444067108e-23,-2.731553794471941e-23,-9.294049331057988e-23,8.331838995413989e-23,1.8371144917250996e-61,7.288612704193979e-29,4.4584942125291023e-23,-3.9969665220669795e-23,1.7884776742192333e-23,-1.6033186636391005e-23,3.747214317192338e-39,-7.288720989671457e-29,True,False,Stable,Quad,2.0261043354214054e-18,"[{""precision"":""Double"",""status"":{""Unstable"":2},""estimated_relative_accuracy"":0.8106347907941126},{""precision"":""Quad"",""status"":{""Stable"":2},""estimated_relative_accuracy"":2.0261043354214054e-18}]",3.751880993109344e-39,4.409685093319415e-39,evaluation/candidate-normal-point-00003.json,9b253e0b1314a603ecc1087f4443cb3b79ea40d398a8f0eab1e47e4da978272b
candidate,normal,4,q13,1,1.0,2,-2.1823587767213688e-35,-1.6629624724856444e-34,1.823935870611127e-32,-1.597240755821048e-32,4.4144696586029164e-32,-4.027485071965268e-32,-2.5542201003033606e-51,1.0380265270380896e-34,-9.289525894718352e-32,8.32899692869061e-32,3.0489376350220324e-32,-2.7207938042720595e-32,3.717055548400918e-39,-1.0487186627472062e-34,True,False,Stable,Double,1.0597285441448427e-09,"[{""precision"":""Double"",""status"":{""Stable"":2},""estimated_relative_accuracy"":1.0597285441448427e-09}]",-3.076352181316117e-48,1.2187807078020412e-48,evaluation/candidate-normal-point-00004.json,cc33a125c2a921dd340d5a7e5ae33e3cb9a075fef907902ad6c60ded20c1f03e
candidate,normal,5,q13,1,0.1,2,-1.6683951335754996e-34,-1.3524809722297265e-33,1.7920120444061155e-29,-1.6026955303724616e-29,4.454257812107619e-29,-3.998504852807029e-29,8.986463619712098e-50,1.0532831853033256e-32,-9.293437058209661e-29,8.33152857827041e-29,3.047150517370172e-29,-2.730462361699563e-29,3.744177943384764e-39,-1.0543646738834539e-32,True,False,Stable,Double,1.3975143670631294e-07,"[{""precision"":""Double"",""status"":{""Stable"":2},""estimated_relative_accuracy"":1.3975143670631294e-07}]",-1.0454209122819253e-44,-2.2204901569092347e-45,evaluation/candidate-normal-point-00005.json,a6f72536eb0694fafc0d51cd56dd39410fff6c914dc65d7681879b50cc1df75c
candidate,normal,6,q13,1,0.01,2,-1.610072572711097e-33,-1.3141893348674076e-32,1.7887891872621507e-26,-1.6032384655215276e-26,4.4580927919387054e-26,-3.9971273776368965e-26,1.4518693102367894e-63,1.0548213034268382e-30,-9.293857265626687e-26,8.331801792414137e-26,3.046975125418199e-26,-2.731437252617809e-26,3.746883698620781e-39,-1.0549295758154635e-30,True,False,Stable,Quad,7.792565450822527e-20,"[{""precision"":""Double"",""status"":{""Unstable"":2},""estimated_relative_accuracy"":0.00043329650186978196},{""precision"":""Quad"",""status"":{""Stable"":2},""estimated_relative_accuracy"":7.792565450822527e-20}]",2.5771110368911796e-42,-2.319411701919633e-42,evaluation/candidate-normal-point-00006.json,52a20ad83dae5aea8d2c05b43c781baa47f767e93efabbe0d7b983ae1bd5a98a
candidate,normal,7,q13,1,0.001,2,-1.6042140912017338e-32,-1.3103215153068697e-31,1.7884665980928254e-23,-1.6032927335330223e-23,4.4584753568189095e-23,-3.997001772743718e-23,-3.0115972456956592e-61,1.0549752405284374e-28,-9.29389957674335e-23,8.331829315921951e-23,3.0469576202274006e-23,-2.7315348226401415e-23,3.747154206105847e-39,-1.0549860690033902e-28,True,False,Stable,Quad,3.818443961456878e-17,"[{""precision"":""Double"",""status"":{""Unstable"":2},""estimated_relative_accuracy"":0.8925508109424611},{""precision"":""Quad"",""status"":{""Stable"":2},""estimated_relative_accuracy"":3.818443961456878e-17}]",2.806818917761647e-39,-7.1441090268419545e-40,evaluation/candidate-normal-point-00007.json,11b5b19a6f59db3493e2e81d0923e65180761bd19046f8385bd24dce894e5108
candidate,normal,8,q14,-1,1.0,2,-8.023056446461089e-36,-5.566111045782161e-35,6.504343821764932e-42,-1.458769662886152e-35,-6.876459906241212e-36,-5.650719153727324e-35,-1.4583240699213792e-52,1.4180761738348316e-35,1.1214405157500827e-34,-7.206256822731526e-35,3.683761069808369e-40,7.077887543622966e-38,-1.1329102299567894e-34,7.324480532184386e-35,True,False,Stable,Double,6.889106857327096e-09,"[{""precision"":""Double"",""status"":{""Stable"":2},""estimated_relative_accuracy"":6.889106857327096e-09}]",8.018294130276587e-51,0.0,evaluation/candidate-normal-point-00008.json,847264486e7926add0c0293f100dd09c13972a7dac77201da5c8b9de7bc1558c
candidate,normal,9,q14,-1,0.1,2,-7.810677933480332e-35,-2.626689440244432e-34,6.072867614806202e-42,-1.4625085439000536e-33,-6.645025009726564e-35,-2.708886248606214e-34,3.005583990147741e-66,1.4583440263002155e-33,1.122639073914906e-32,-7.217785298645382e-33,3.6076776987841545e-40,7.068142353998273e-37,-1.1238047635227235e-32,7.229462682845999e-33,True,False,Stable,Quad,8.996518021577816e-22,"[{""precision"":""Double"",""status"":{""Unstable"":2},""estimated_relative_accuracy"":1.4158609422696274e-06},{""precision"":""Quad"",""status"":{""Stable"":2},""estimated_relative_accuracy"":8.996518021577816e-22}]",-5.559350596991767e-49,6.4146353042212696e-49,evaluation/candidate-normal-point-00009.json,82b46c9717fdf276d7f82898d398ac2dfb9e2aea7f78704540171f1cf38514f5
candidate,normal,10,q14,-1,0.01,2,-7.788063049588062e-34,-2.3635448195931604e-33,6.031044312871964e-42,-1.4628904484601162e-31,-6.6205112383768415e-34,-2.445498224491882e-33,-1.7152701421862847e-64,1.4624730197139758e-31,1.1227695916118302e-30,-7.218818294011712e-31,3.6000953822747573e-40,7.067171340320243e-36,-1.1228863471589918e-30,7.219984585093437e-31,True,False,Stable,Quad,5.137650237065291e-19,"[{""precision"":""Double"",""status"":{""Unstable"":2},""estimated_relative_accuracy"":0.015457871500126105},{""precision"":""Quad"",""status"":{""Stable"":2},""estimated_relative_accuracy"":5.137650237065291e-19}]",1.1546343547598285e-46,1.3684555315672042e-47,evaluation/candidate-normal-point-00010.json,16c21ec6daa6715538f47a1d2aedf10fd8cf175ec354b8dc3561c7db0911f1e9
candidate,normal,11,q14,-1,0.001,2,-7.785790685509228e-33,-2.3375147525428086e-32,6.026875027730673e-42,-1.4629287195762796e-29,-6.61804905507504e-33,-2.4194437939840946e-32,-2.5553228762557803e-62,1.462886966905856e-29,1.122782750103873e-28,-7.218920398909705e-29,3.599337417213098e-40,7.067074273051038e-35,-1.1227944275238369e-28,7.219037013547297e-29,True,False,Stable,Quad,2.3359239542662363e-15,"[{""precision"":""Double"",""status"":{""Unstable"":2},""estimated_relative_accuracy"":0.7011588101146287},{""precision"":""Quad"",""status"":{""Stable"":2},""estimated_relative_accuracy"":2.3359239542662363e-15}]",1.0044463601703279e-44,-2.049946386287672e-45,evaluation/candidate-normal-point-00011.json,8206ded4251f4ee1853c79b0c80fd0131547bfea73a3aa5bf8f0fb6e10015bf0
candidate,normal,12,q14,1,1.0,2,-7.761208254382618e-36,-1.9236152748577408e-35,5.577714637910931e-42,-4.463345448777127e-35,-6.61562981463492e-36,-2.0064301635800625e-35,5.4853341709467266e-52,4.421966914963451e-35,5.725426760508411e-34,-3.681463727439348e-34,3.515345256466569e-40,7.028279726956711e-38,-5.736886116028291e-34,3.693180241720253e-34,True,False,Stable,Double,5.8151579236683564e-09,"[{""precision"":""Double"",""status"":{""Stable"":2},""estimated_relative_accuracy"":5.8151579236683564e-09}]",1.3363823550460978e-51,5.88008236220283e-50,evaluation/candidate-normal-point-00012.json,366c66e193a47266c9f5efbf06b5c9acad3956f93fdc8eba34cb0c3cb836f665
candidate,normal,13,q14,1,0.1,2,-7.809469822750816e-35,4.844710714157772e-36,5.98024855168065e-42,-4.48659945013427e-33,-6.643932053130006e-35,-3.356822900948383e-36,6.95240282693729e-67,4.4824278574508484e-33,5.792389927348685e-32,-3.7242622321284543e-32,3.590834704846953e-40,7.063158928121604e-37,-5.793555501624677e-32,3.7254289131690254e-32,True,False,Stable,Quad,6.234089230221233e-22,"[{""precision"":""Double"",""status"":{""Unstable"":2},""estimated_relative_accuracy"":3.851086624233862e-06},{""precision"":""Quad"",""status"":{""Stable"":2},""estimated_relative_accuracy"":6.234089230221233e-22}]",3.645651064565755e-48,-4.292460124408066e-48,evaluation/candidate-normal-point-00013.json,34fa99f4b90bf1183e01e08a09924cd315413533a5b7ba0f30c9a74c345b8fbc
candidate,normal,14,q14,1,0.01,2,-7.814631081702929e-34,2.5832561299740165e-34,6.021782450417828e-42,-4.488938611925938e-31,-6.647090920276093e-34,1.7639037750793232e-34,-3.558260626112263e-64,4.488521112197967e-31,5.799149348263097e-30,-3.728563425137401e-30,3.5984110814683307e-40,7.066672769887661e-36,-5.799266102645102e-30,3.728680043672918e-30,True,False,Stable,Quad,2.4313932797647164e-18,"[{""precision"":""Double"",""status"":{""Unstable"":2},""estimated_relative_accuracy"":0.001274361462119042},{""precision"":""Quad"",""status"":{""Stable"":2},""estimated_relative_accuracy"":2.4313932797647164e-18}]",5.366056253157899e-46,9.85287982728387e-47,evaluation/candidate-normal-point-00014.json,36ec9bde69f6260542667cfc06ff8fdb1d2d1fb447387432137a2d9c9dec3682
candidate,normal,15,q14,1,0.001,2,-7.815150824445325e-33,2.7944686261851325e-33,6.025948841529122e-42,-4.48917266540612e-29,-6.647410360334215e-33,1.975196383407366e-33,-6.769477048811669e-63,4.4891309120256467e-29,5.799825925525806e-28,-3.7289937600802756e-28,3.5991689871310435e-40,7.067024413727919e-35,-5.799837602934107e-28,3.7290054214383093e-28,True,False,Stable,Quad,1.0683868379318067e-15,"[{""precision"":""Double"",""status"":{""Unstable"":2},""estimated_relative_accuracy"":0.32754058000984815},{""precision"":""Quad"",""status"":{""Stable"":2},""estimated_relative_accuracy"":1.0683868379318067e-15}]",-4.690655025552906e-44,3.709540832195799e-45,evaluation/candidate-normal-point-00015.json,677b8292a35da9c055e335a5e3e01bfa5abfc23bda2db40eb2fe041c0f48a1aa
candidate,normal,16,both,-1,1.0,5,-1.8067061282869065e-35,2.829350669669615e-34,6.1455304257330555e-31,-9.204986695773172e-27,-1.8799853170606415e-30,3.892491071276081e-26,-2.1055949026665574e-60,2.26359752801875e-27,8.998664516321853e-31,-1.3445440893614898e-26,3.640784601801235e-31,-4.2008997634726727e-26,1.4692956137444142e-33,2.3470917266270307e-26,True,False,Stable,Quad,7.711211512678325e-22,"[{""precision"":""Double"",""status"":{""Unstable"":2},""estimated_relative_accuracy"":0.00010460130062212247},{""precision"":""Quad"",""status"":{""Stable"":2},""estimated_relative_accuracy"":7.711211512678325e-22}]",1.5200280182765326e-46,8.896829752272124e-43,evaluation/candidate-normal-point-00016.json,b7798bfd6775aaa398cd852ef9daa03d72803eae58d53cb2fd89636de377a6db
candidate,normal,17,both,-1,0.1,5,-2.7260632244908094e-34,-1.2224665618486952e-33,6.175155159193589e-28,-9.237366353391609e-22,-1.8841112381957524e-27,3.892602489199141e-21,4.305227328292039e-56,2.259918019906295e-22,9.03656336447504e-28,-1.351431557322806e-21,3.62792158226135e-28,-4.173665408687747e-21,1.4695499643194353e-31,2.330239310158721e-21,True,False,Stable,Quad,7.669776766805579e-16,"[{""precision"":""Double"",""status"":{""Unstable"":2},""estimated_relative_accuracy"":0.6519141252309809},{""precision"":""Quad"",""status"":{""Stable"":2},""estimated_relative_accuracy"":7.669776766805579e-16}]",-8.094149330960772e-44,-4.756300648383144e-38,evaluation/candidate-normal-point-00017.json,af2c8acd7f79a2703c6476b2074c8a391394c4307054a9c6c609b2e1c0ef39a7
candidate,normal,18,both,-1,0.01,5,-2.821413980219582e-33,-4.420583934235585e-31,6.178097514747888e-25,-9.240599322086435e-17,-1.884514482278771e-24,3.892619935696078e-16,-1.5754252967998808e-50,2.2595272247399735e-17,9.040287738659598e-25,-1.3521244061708298e-16,3.6266125843786176e-25,-4.1709399408870996e-16,1.4695678746725527e-29,2.328551621096493e-16,True,False,Stable,Quad,1.6981888464836385e-12,"[{""precision"":""Double"",""status"":{""Unstable"":2},""estimated_relative_accuracy"":0.6790822768656289},{""precision"":""Quad"",""status"":{""Stable"":2},""estimated_relative_accuracy"":1.6981888464836385e-12}]",3.9292925531631037e-41,7.568597969798117e-33,evaluation/candidate-normal-point-00018.json,93496bc8cabfc283ac89c75856a65c8e0259a5b430240998cd2b6fe4b5bc0e18
candidate,normal,19,both,-1,0.001,5,-2.8309889549595193e-32,-4.742991746068928e-29,6.178391546710162e-22,-9.240922568186519e-12,-1.88455472190299e-21,3.892621743898572e-11,8.15396887e-315,2.259487916206647e-12,9.040659517993305e-22,-1.3521937323752426e-11,3.626481458347431e-22,-4.1706673745253584e-11,1.4695695902985635e-27,2.3283828282000158e-11,True,False,Stable,Arb,2.526520704674754e-277,"[{""precision"":""Double"",""status"":{""Unstable"":2},""estimated_relative_accuracy"":0.3668456321396467},{""precision"":""Quad"",""status"":{""Unstable"":2},""estimated_relative_accuracy"":9.08869084378028e-09},{""precision"":""Arb"",""status"":{""Stable"":2},""estimated_relative_accuracy"":2.526520704674754e-277}]",-6.449882817521411e-38,-1.1642604329587848e-27,evaluation/candidate-normal-point-00019.json,701faefcb30fa71c68adf989dfe990e3c311bbd1a11ea13df13a99273d486b20
candidate,normal,20,both,1,1.0,5,-2.1998205287424106e-34,5.749715067678785e-34,3.5955582617527173e-31,-2.7627059132755364e-26,9.084083784621637e-31,-2.642808546925602e-26,-8.771462443316296e-60,2.260995253874582e-26,-1.88973408472812e-30,1.4434488717620988e-25,6.140092115118127e-31,7.02501299211317e-26,7.540686525997613e-33,-1.8314982445910453e-25,True,False,Stable,Quad,1.3920670592452474e-21,"[{""precision"":""Double"",""status"":{""Unstable"":2},""estimated_relative_accuracy"":8.413084288934646e-06},{""precision"":""Quad"",""status"":{""Stable"":2},""estimated_relative_accuracy"":1.3920670592452474e-21}]",8.386066554385273e-47,-1.2055457414455714e-41,evaluation/candidate-normal-point-00020.json,1612b26a26fed074e8ef40e6ece0acf6177436491e3896efa4f32055eb567147
candidate,normal,21,both,1,0.1,5,-2.2680423759323984e-33,1.5931454989658222e-33,3.6234277454931215e-28,-2.797922112622624e-21,9.04527062388161e-28,-2.6448246457655714e-21,-2.7329550413838343e-55,2.288756984374613e-21,-1.88509533498122e-27,1.4547723477698792e-20,6.1746460707563585e-28,7.097417719181456e-21,7.586229257352207e-31,-1.8491151422865073e-20,True,False,Stable,Quad,4.194599896027186e-16,"[{""precision"":""Double"",""status"":{""Unstable"":2},""estimated_relative_accuracy"":0.21493346234684457},{""precision"":""Quad"",""status"":{""Stable"":2},""estimated_relative_accuracy"":4.194599896027186e-16}]",1.3968065090424477e-43,6.367616530680586e-37,evaluation/candidate-normal-point-00021.json,c34b84289af19280a2f651b958954741e8ef064daad2f99fd4f7cdc6e746d520
candidate,normal,22,both,1,0.01,5,-2.274996495172053e-32,-4.140176550933052e-31,3.626163493560505e-25,-2.8014709923099345e-16,9.041160176852796e-25,-2.6450302862759635e-16,3.656297825320357e-49,2.291552893245844e-16,-1.8846129928310314e-24,1.455913336649959e-15,6.178046953685427e-25,7.104717161172144e-16,7.590767119361565e-29,-1.8508902142331684e-15,True,False,Stable,Quad,5.87976242006721e-12,"[{""precision"":""Double"",""status"":{""Unstable"":2},""estimated_relative_accuracy"":0.90975696845441},{""precision"":""Quad"",""status"":{""Stable"":2},""estimated_relative_accuracy"":5.87976242006721e-12}]",-4.4782288523144097e-41,1.95872024827993e-32,evaluation/candidate-normal-point-00022.json,fafbc571e0473da3f9be8967e3257feeff1e9f055e3d892d393829087458ea8a
candidate,normal,23,both,1,0.001,5,-2.275693259143654e-31,-4.714962668566975e-29,3.626436552199065e-22,-2.8018261546243725e-11,9.040746778995442e-22,-2.6450508902979843e-11,2.6990005183e-313,2.2918326827594506e-11,-1.884564573975965e-21,1.4560275224667095e-10,6.178386494082054e-22,7.105447698843931e-11,7.59122073987186e-27,-1.8510678561348118e-10,True,False,Stable,Arb,8.94830609595238e-277,"[{""precision"":""Double"",""status"":{""Unstable"":2},""estimated_relative_accuracy"":0.18292772656024828},{""precision"":""Quad"",""status"":{""Unstable"":2},""estimated_relative_accuracy"":6.239798643232141e-09},{""precision"":""Arb"",""status"":{""Stable"":2},""estimated_relative_accuracy"":8.94830609595238e-277}]",1.051327035887619e-37,1.2971846697826726e-26,evaluation/candidate-normal-point-00023.json,bb8e3153b350e3200655430f5ab460fa7472b3ab873e747019bb55b4025079ea
candidate,arb,0,q13,-1,1.0,2,-8.786765951139006e-36,1.1072755746002995e-34,3.168093837045985e-32,-2.739527785181128e-32,-9.439399903467119e-32,8.34963514372705e-32,0.0,7.195480167956406e-35,4.435010296802019e-32,-3.975662588232967e-32,1.8354167153080563e-32,-1.6232643760241182e-32,3.77715944563205e-39,-7.303118710790559e-35,True,False,Stable,Arb,5.009084104925492e-295,"[{""precision"":""Arb"",""status"":{""Stable"":2},""estimated_relative_accuracy"":5.009084104925492e-295}]",-3.1899446814950355e-48,-3.870163300213499e-48,evaluation/candidate-arb-point-00000.json,764dc85a303a16fd3e1e73fb3a7045e00cef059d0f9563b938e3e421f88c706c
candidate,arb,1,q13,-1,0.1,2,-3.0755566467513947e-35,1.4724630194991134e-33,3.0591263934640516e-29,-2.732357184337048e-29,-9.308408189257202e-29,8.332641266251486e-29,0.0,7.279342825508582e-33,4.456155035719608e-29,-3.994846285878447e-29,1.7931236841418773e-29,-1.6052894675185818e-29,3.750189044838066e-39,-7.290164980093959e-33,True,False,Stable,Arb,5.703172362070128e-293,"[{""precision"":""Arb"",""status"":{""Stable"":2},""estimated_relative_accuracy"":5.703172362070128e-293}]",5.1045957181578404e-45,2.0694468776125045e-45,evaluation/candidate-arb-point-00001.json,174fa9ef444f99d818cd8a5090700da91afedecdd67bd630a22b9aeb837de5a0
candidate,arb,2,q13,-1,0.01,2,-2.484389544996879e-34,1.5091314737676003e-32,3.0481733047516856e-26,-2.7316269494732907e-26,-9.295354764510271e-26,8.331899936132553e-26,0.0,7.28776961929815e-31,4.45828144976341e-26,-3.9967736916946055e-26,1.7888999851509062e-26,-1.6034977750052165e-26,3.747484809478576e-39,-7.2888524159697136e-31,True,False,Stable,Arb,1.8785858960372064e-291,"[{""precision"":""Arb"",""status"":{""Stable"":2},""estimated_relative_accuracy"":1.8785858960372064e-291}]",7.954476548675833e-42,-1.0393419762252916e-42,evaluation/candidate-arb-point-00002.json,282efb8b6edb40a225a83038388d752b411acffce17e37cc55af2c5e38c8e0ea
candidate,arb,3,q13,-1,0.001,2,-2.425438641020581e-33,1.5127682218581283e-31,3.047077444067108e-23,-2.731553794471941e-23,-9.294049331057988e-23,8.331838995413989e-23,0.0,7.288612704193979e-29,4.4584942125291023e-23,-3.9969665220669795e-23,1.7884776742192333e-23,-1.6033186636391005e-23,3.747214317192338e-39,-7.288720989671457e-29,True,False,Stable,Arb,7.846596563381594e-286,"[{""precision"":""Arb"",""status"":{""Stable"":2},""estimated_relative_accuracy"":7.846596563381594e-286}]",3.7518809934514576e-39,4.409685093319415e-39,evaluation/candidate-arb-point-00003.json,d8226f52446d061ebea0a39bb518ed5255a1abe555f644fbbe691d5684795b3a
candidate,arb,4,q13,1,1.0,2,-2.1823587783341292e-35,-1.662962474735132e-34,1.8239358706110692e-32,-1.5972407558233565e-32,4.4144696586046106e-32,-4.027485071958776e-32,0.0,1.0380265270379173e-34,-9.289525894721366e-32,8.328996928666029e-32,3.0489376350217975e-32,-2.720793804274154e-32,3.717055548400578e-39,-1.0487186627471812e-34,True,False,Stable,Arb,6.865400470749596e-295,"[{""precision"":""Arb"",""status"":{""Stable"":2},""estimated_relative_accuracy"":6.865400470749596e-295}]",1.3871648845378495e-48,7.676180247384786e-48,evaluation/candidate-arb-point-00004.json,c9e54c9a591c9282605424d964afb9aa211882460726ed0b7b41af051112ecb9
candidate,arb,5,q13,1,0.1,2,-1.6683919724233267e-34,-1.3524785666202226e-33,1.7920120444086123e-29,-1.6026955303747255e-29,4.454257812127885e-29,-3.998504852581971e-29,0.0,1.0532831853041909e-32,-9.29343705821372e-29,8.331528578277569e-29,3.047150517383081e-29,-2.730462361688956e-29,3.744177943377927e-39,-1.05436467388342e-32,True,False,Stable,Arb,8.099166461051935e-292,"[{""precision"":""Arb"",""status"":{""Stable"":2},""estimated_relative_accuracy"":8.099166461051935e-292}]",4.4593689350239036e-45,-4.8689647813161124e-45,evaluation/candidate-arb-point-00005.json,fe327c1055fb8554f20e19e4feadf80f6d577ff5104072e3b0a44cd01b10c3c4
candidate,arb,6,q13,1,0.01,2,-1.610072572711097e-33,-1.3141893348674076e-32,1.7887891872621507e-26,-1.6032384655215276e-26,4.4580927919387054e-26,-3.9971273776368965e-26,0.0,1.0548213034268382e-30,-9.293857265626687e-26,8.331801792414137e-26,3.046975125418199e-26,-2.731437252617809e-26,3.746883698620781e-39,-1.0549295758154635e-30,True,False,Stable,Arb,2.729938019385172e-289,"[{""precision"":""Arb"",""status"":{""Stable"":2},""estimated_relative_accuracy"":2.729938019385172e-289}]",2.5771110368911796e-42,-2.319411701919633e-42,evaluation/candidate-arb-point-00006.json,52ebb6b42206955c2294edff60a76d4d1cfdc529823cfaf653bb7f54ffa33d93
candidate,arb,7,q13,1,0.001,2,-1.6042140912017344e-32,-1.31032151530687e-31,1.7884665980928254e-23,-1.6032927335330223e-23,4.4584753568189095e-23,-3.997001772743718e-23,0.0,1.0549752405284374e-28,-9.29389957674335e-23,8.331829315921951e-23,3.0469576202274006e-23,-2.7315348226401415e-23,3.747154206105847e-39,-1.0549860690033902e-28,True,False,Stable,Arb,1.2898827954577378e-285,"[{""precision"":""Arb"",""status"":{""Stable"":2},""estimated_relative_accuracy"":1.2898827954577378e-285}]",2.806818923235469e-39,-7.1441088078890695e-40,evaluation/candidate-arb-point-00007.json,6ef58bcf294951c6e0df8893c7f446cbd6d9b9be66a2273da7a2cdb93bded9e7
candidate,arb,8,q14,-1,1.0,2,-8.023056444882892e-36,-5.566111171016108e-35,6.504343821331558e-42,-1.4587696628860358e-35,-6.876459904687417e-36,-5.650719278959183e-35,0.0,1.4180761738348994e-35,1.1214405157500923e-34,-7.206256822731605e-35,3.683761069808361e-40,7.077887543623001e-38,-1.1329102299565553e-34,7.324480532182193e-35,True,False,Stable,Arb,1.0395972252191469e-293,"[{""precision"":""Arb"",""status"":{""Stable"":2},""estimated_relative_accuracy"":1.0395972252191469e-293}]",-1.870935297064537e-50,0.0,evaluation/candidate-arb-point-00008.json,6695e1317bfe1d026eba7d6d94af639558580a7fe291ac0555e0611890b98909
candidate,arb,9,q14,-1,0.1,2,-7.810677933480332e-35,-2.626689440244432e-34,6.072867614806202e-42,-1.4625085439000536e-33,-6.645025009726564e-35,-2.708886248606214e-34,0.0,1.4583440263002155e-33,1.122639073914906e-32,-7.217785298645382e-33,3.6076776987841545e-40,7.068142353998273e-37,-1.1238047635227235e-32,7.229462682845999e-33,True,False,Stable,Arb,6.564865363946659e-291,"[{""precision"":""Arb"",""status"":{""Stable"":2},""estimated_relative_accuracy"":6.564865363946659e-291}]",-5.559350596991767e-49,6.4146353042212696e-49,evaluation/candidate-arb-point-00009.json,c9863b510091747e91ee3c457622c5f5ec2454c04cf569f46b9ac6357384d420
candidate,arb,10,q14,-1,0.01,2,-7.788063049588062e-34,-2.3635448195931604e-33,6.031044312871964e-42,-1.4628904484601162e-31,-6.6205112383768415e-34,-2.445498224491882e-33,0.0,1.4624730197139758e-31,1.1227695916118302e-30,-7.218818294011712e-31,3.6000953822747573e-40,7.067171340320243e-36,-1.1228863471589918e-30,7.219984585093437e-31,True,False,Stable,Arb,1.721163241520455e-287,"[{""precision"":""Arb"",""status"":{""Stable"":2},""estimated_relative_accuracy"":1.721163241520455e-287}]",1.1546343547598285e-46,1.3684555315672042e-47,evaluation/candidate-arb-point-00010.json,723e799be4fa4fff5b8813c14151e276724dd6651640e5e23f5e354ace29c525
candidate,arb,11,q14,-1,0.001,2,-7.785790685509227e-33,-2.3375147525428177e-32,6.026875027730673e-42,-1.4629287195762796e-29,-6.61804905507504e-33,-2.419443793984104e-32,0.0,1.462886966905856e-29,1.122782750103873e-28,-7.218920398909705e-29,3.599337417213098e-40,7.067074273051038e-35,-1.1227944275238369e-28,7.219037013547297e-29,True,False,Stable,Arb,2.063528706430016e-284,"[{""precision"":""Arb"",""status"":{""Stable"":2},""estimated_relative_accuracy"":2.063528706430016e-284}]",1.0043095146171711e-44,-2.0526832973508063e-45,evaluation/candidate-arb-point-00011.json,a617854695eddfaaef343f240db31d55a77f9f492ee1a79dedfceabf616acc89
candidate,arb,12,q14,1,1.0,2,-7.761208253273947e-36,-1.9236153021000028e-35,5.5777146377585714e-42,-4.463345448775221e-35,-6.615629814275128e-36,-2.0064301907593052e-35,0.0,4.4219669149626206e-35,5.725426760510179e-34,-3.6814637274404934e-34,3.515345256466569e-40,7.028279726956738e-38,-5.73688611602257e-34,3.693180241714988e-34,True,False,Stable,Arb,3.5091184789012964e-293,"[{""precision"":""Arb"",""status"":{""Stable"":2},""estimated_relative_accuracy"":3.5091184789012964e-293}]",1.0691058840368783e-50,1.3363823550460978e-50,evaluation/candidate-arb-point-00012.json,e48df3f7826d82aa98dd1cc74d8829de86572809d541cf1a41d09466d641d7dc
candidate,arb,13,q14,1,0.1,2,-7.809469822750816e-35,4.844710714157772e-36,5.98024855168065e-42,-4.48659945013427e-33,-6.643932053130006e-35,-3.356822900948383e-36,0.0,4.4824278574508484e-33,5.792389927348685e-32,-3.7242622321284543e-32,3.590834704846953e-40,7.063158928121604e-37,-5.793555501624677e-32,3.7254289131690254e-32,True,False,Stable,Arb,2.0175478764349146e-291,"[{""precision"":""Arb"",""status"":{""Stable"":2},""estimated_relative_accuracy"":2.0175478764349146e-291}]",3.645651064565755e-48,-4.292460124408066e-48,evaluation/candidate-arb-point-00013.json,d00bfe25c1b5c72a889b9a403f361696bd494012434f82596ba7fa566b9fc85e
candidate,arb,14,q14,1,0.01,2,-7.814631081702929e-34,2.5832561299740165e-34,6.021782450417828e-42,-4.488938611925938e-31,-6.647090920276093e-34,1.763903775079323e-34,0.0,4.488521112197967e-31,5.799149348263097e-30,-3.728563425137401e-30,3.5984110814683307e-40,7.066672769887661e-36,-5.799266102645102e-30,3.728680043672918e-30,True,False,Stable,Arb,4.447745258178904e-287,"[{""precision"":""Arb"",""status"":{""Stable"":2},""estimated_relative_accuracy"":4.447745258178904e-287}]",5.366056253157899e-46,9.848603403747723e-47,evaluation/candidate-arb-point-00014.json,f124e4d51e83469a85b2d5aead2b71416f19114fb74aa234b5f6d439910808bc
candidate,arb,15,q14,1,0.001,2,-7.815150824445325e-33,2.794468626185205e-33,6.025948841529122e-42,-4.48917266540612e-29,-6.647410360334215e-33,1.9751963834074387e-33,0.0,4.4891309120256467e-29,5.799825925525806e-28,-3.7289937600802756e-28,3.5991689871310435e-40,7.067024413727919e-35,-5.799837602934107e-28,3.7290054214383093e-28,True,False,Stable,Arb,6.347920213557775e-286,"[{""precision"":""Arb"",""status"":{""Stable"":2},""estimated_relative_accuracy"":6.347920213557775e-286}]",-4.690655025552906e-44,3.709540832195799e-45,evaluation/candidate-arb-point-00015.json,91cd6c99400312c7840df0d0094a911eb6d2dc09530fc8c3f1fd5da2eb34f89a
candidate,arb,16,both,-1,1.0,5,-1.8067061282869065e-35,2.829350669669615e-34,6.1455304257330555e-31,-9.204986695773172e-27,-1.8799853170606415e-30,3.892491071276081e-26,0.0,2.26359752801875e-27,8.998664516321853e-31,-1.3445440893614898e-26,3.640784601801235e-31,-4.2008997634726727e-26,1.4692956137444142e-33,2.3470917266270307e-26,True,False,Stable,Arb,1.9929775963505002e-290,"[{""precision"":""Arb"",""status"":{""Stable"":2},""estimated_relative_accuracy"":1.9929775963505002e-290}]",1.5200280182765326e-46,8.896829752272124e-43,evaluation/candidate-arb-point-00016.json,fba24d8266b5b6d3ddccfac0cda2018a3fb27097c74e68f1553bd6cc4891e7b8
candidate,arb,17,both,-1,0.1,5,-2.7260632244908094e-34,-1.2224665618486924e-33,6.175155159193589e-28,-9.237366353391609e-22,-1.8841112381957524e-27,3.892602489199141e-21,-5e-324,2.259918019906295e-22,9.03656336447504e-28,-1.351431557322806e-21,3.62792158226135e-28,-4.173665408687747e-21,1.4695499643194353e-31,2.330239310158721e-21,True,False,Stable,Arb,1.6361100000251874e-284,"[{""precision"":""Arb"",""status"":{""Stable"":2},""estimated_relative_accuracy"":1.6361100000251874e-284}]",-8.094149330960772e-44,-4.756300648656835e-38,evaluation/candidate-arb-point-00017.json,f1fcab45aab0d6d616e8ed8671ff984b0f9b3a7a493056fdebec21dd0583fd6a
candidate,arb,18,both,-1,0.01,5,-2.8214139802195825e-33,-4.42058393423803e-31,6.178097514747888e-25,-9.240599322086435e-17,-1.884514482278771e-24,3.892619935696078e-16,-3.0217e-319,2.2595272247399735e-17,9.040287738659598e-25,-1.3521244061708298e-16,3.6266125843786176e-25,-4.1709399408870996e-16,1.4695678746725527e-29,2.328551621096493e-16,True,False,Stable,Arb,7.699771474792742e-282,"[{""precision"":""Arb"",""status"":{""Stable"":2},""estimated_relative_accuracy"":7.699771474792742e-282}]",3.929292587374492e-41,7.568597970042556e-33,evaluation/candidate-arb-point-00018.json,29ce85a648247e47805c2d63f20c64cf1d00bceaef96cd406c0d1301e6ac4450
candidate,arb,19,both,-1,0.001,5,-2.8309889549595193e-32,-4.742991746068928e-29,6.178391546710162e-22,-9.240922568186519e-12,-1.88455472190299e-21,3.892621743898572e-11,8.15396887e-315,2.259487916206647e-12,9.040659517993305e-22,-1.3521937323752426e-11,3.626481458347431e-22,-4.1706673745253584e-11,1.4695695902985635e-27,2.3283828282000158e-11,True,False,Stable,Arb,2.526520704674754e-277,"[{""precision"":""Arb"",""status"":{""Stable"":2},""estimated_relative_accuracy"":2.526520704674754e-277}]",-6.449882817521411e-38,-1.1642604329587848e-27,evaluation/candidate-arb-point-00019.json,db963c8bb5a760963e17bc8cef4c8c82c2d3c2c6ba9f2efd7800c5fa6cf70da7
candidate,arb,20,both,1,1.0,5,-2.1998205287424106e-34,5.749715067678785e-34,3.5955582617527173e-31,-2.7627059132755364e-26,9.084083784621637e-31,-2.642808546925602e-26,0.0,2.260995253874582e-26,-1.88973408472812e-30,1.4434488717620988e-25,6.140092115118127e-31,7.02501299211317e-26,7.540686525997613e-33,-1.8314982445910453e-25,True,False,Stable,Arb,4.0033230082817685e-290,"[{""precision"":""Arb"",""status"":{""Stable"":2},""estimated_relative_accuracy"":4.0033230082817685e-290}]",8.386066554385273e-47,-1.2055457414455714e-41,evaluation/candidate-arb-point-00020.json,46d76ee279a1f830f16e15a7537a0c7e557241a7c544ba0ddc29d37f5de0a781
candidate,arb,21,both,1,0.1,5,-2.2680423759323984e-33,1.59314549896582e-33,3.6234277454931215e-28,-2.797922112622624e-21,9.04527062388161e-28,-2.6448246457655714e-21,0.0,2.288756984374613e-21,-1.88509533498122e-27,1.4547723477698792e-20,6.1746460707563585e-28,7.097417719181456e-21,7.586229257352207e-31,-1.8491151422865073e-20,True,False,Stable,Arb,4.2459095743031905e-285,"[{""precision"":""Arb"",""status"":{""Stable"":2},""estimated_relative_accuracy"":4.2459095743031905e-285}]",1.3968065090424477e-43,6.367616530704534e-37,evaluation/candidate-arb-point-00021.json,9bb953520c129233450d161e00c6c04f78f62fa2c1fc3024ba73dab66980e16b
candidate,arb,22,both,1,0.01,5,-2.274996495172053e-32,-4.140176550949706e-31,3.626163493560505e-25,-2.8014709923099345e-16,9.041160176852796e-25,-2.6450302862759635e-16,2.236156e-318,2.291552893245844e-16,-1.8846129928310314e-24,1.455913336649959e-15,6.178046953685427e-25,7.104717161172144e-16,7.590767119361565e-29,-1.8508902142331684e-15,True,False,Stable,Arb,4.4563643810271505e-281,"[{""precision"":""Arb"",""status"":{""Stable"":2},""estimated_relative_accuracy"":4.4563643810271505e-281}]",-4.4782288523144097e-41,1.9587202484464656e-32,evaluation/candidate-arb-point-00022.json,2d2d049d079207bbc4a00e5e604f8eb8203682406e3bbecdd23227ead0166a4e
candidate,arb,23,both,1,0.001,5,-2.275693259143654e-31,-4.714962668566975e-29,3.626436552199065e-22,-2.8018261546243725e-11,9.040746778995442e-22,-2.6450508902979843e-11,2.6990005183e-313,2.2918326827594506e-11,-1.884564573975965e-21,1.4560275224667095e-10,6.178386494082054e-22,7.105447698843931e-11,7.59122073987186e-27,-1.8510678561348118e-10,True,False,Stable,Arb,8.94830609595238e-277,"[{""precision"":""Arb"",""status"":{""Stable"":2},""estimated_relative_accuracy"":8.94830609595238e-277}]",1.051327035887619e-37,1.2971846697826726e-26,evaluation/candidate-arb-point-00023.json,4c368259f643518076fb0e47a7f8eab401b94e0500aed66df5e0cd2c89cf85b9
candidate-off,arb,0,q13,-1,1.0,2,0.0,-5.1997523422955585e-34,0.0,-9.072259831116086e-31,0.0,2.6340088635027745e-30,0.0,7.195480167956406e-35,0.0,-1.2290088718614108e-30,0.0,-4.9829290486257225e-31,0.0,-7.303370309212342e-35,True,False,Stable,Arb,7.202692150736031e-296,"[{""precision"":""Arb"",""status"":{""Stable"":2},""estimated_relative_accuracy"":7.202692150736031e-296}]",0.0,-1.631883221393891e-46,evaluation/candidate-off-arb-point-00000.json,d70bf7a717d0e3d0c778316888fafa34c9da155f161d19ca33491f041b2f00bb
candidate-off,arb,1,q13,-1,0.1,2,-0.0,-2.8804367724349864e-33,0.0,-8.498250709553077e-28,0.0,2.5798277243071455e-27,0.0,7.279342825508582e-33,0.0,-1.2343464438773985e-27,0.0,-4.9565907908655895e-28,0.0,-7.290167478281753e-33,True,False,Stable,Arb,2.195864251749329e-292,"[{""precision"":""Arb"",""status"":{""Stable"":2},""estimated_relative_accuracy"":2.195864251749329e-292}]",0.0,5.351892738406179e-44,evaluation/candidate-off-arb-point-00001.json,e7e0d1774d10f0e1b4ae7e2b5c219c586d6df1fb53ccec29d93b6bdc86416308
candidate-off,arb,2,q13,-1,0.01,2,-0.0,-2.6684991065798204e-32,0.0,-8.44542956037323e-25,0.0,2.5748229539724346e-24,0.0,7.28776961929815e-31,0.0,-1.2348826170388074e-24,0.0,-4.953974074730129e-25,0.0,-7.28885244093365e-31,True,False,Stable,Arb,5.675463252866147e-289,"[{""precision"":""Arb"",""status"":{""Stable"":2},""estimated_relative_accuracy"":5.675463252866147e-289}]",0.0,1.0351927095771373e-40,evaluation/candidate-off-arb-point-00002.json,f90c41c46d5cf6eeda10a7908f98b26e6915d4b864e0cc15f1af6cadb59ecbfd
candidate-off,arb,3,q13,-1,0.001,2,-5e-323,-2.647484749713018e-31,-1e-323,-8.440189551109183e-22,-4.4e-323,2.5743264710402983e-21,0.0,7.288612704193979e-29,1e-323,-1.2349362588975335e-21,-5e-324,-4.953712572955123e-22,0.0,-7.288720989921079e-29,True,False,Stable,Arb,3.791783443011247e-286,"[{""precision"":""Arb"",""status"":{""Stable"":2},""estimated_relative_accuracy"":3.791783443011247e-286}]",0.0,-2.102173893647431e-37,evaluation/candidate-off-arb-point-00003.json,2b7b6c014581389df12adcad5718ac159057ef180b5ddc19d0b12362c2ac5e30
candidate-off,arb,4,q13,1,1.0,2,0.0,-4.695961541800018e-34,0.0,-5.148675316729084e-31,0.0,-1.219649408740269e-30,0.0,1.0380265270379173e-34,0.0,2.5720155788138102e-30,0.0,-8.37967162865166e-31,0.0,-1.048743423506428e-34,True,False,Stable,Arb,2.807087722107068e-295,"[{""precision"":""Arb"",""status"":{""Stable"":2},""estimated_relative_accuracy"":2.807087722107068e-295}]",0.0,-1.0691058840368783e-47,evaluation/candidate-off-arb-point-00004.json,b6f2f9627ef94845d28c974ddca1db5950c897f07a58fbe8fde472efb0aeed35
candidate-off,arb,5,q13,1,0.1,2,-0.0,-2.8621480915545207e-33,0.0,-4.972203637811432e-28,0.0,-1.233464155383385e-27,0.0,1.0532831853041909e-32,0.0,2.5740394289759132e-27,0.0,-8.433577611420966e-28,0.0,-1.0543649233031462e-32,True,False,Stable,Arb,1.268005986536856e-292,"[{""precision"":""Arb"",""status"":{""Stable"":2},""estimated_relative_accuracy"":1.268005986536856e-292}]",0.0,6.077653129572846e-44,evaluation/candidate-off-arb-point-00005.json,8886a3e8e615e2367d9e90ef207ade7c928acbd2b9993d35ba69f4f1c4c8da56
candidate-off,arb,6,q13,1,0.01,2,0.0,-2.6669855729592395e-32,0.0,-4.955526257392402e-25,0.0,-1.2347950551663357e-24,0.0,1.0548213034268382e-30,0.0,2.5742480953314318e-24,0.0,-8.439004409874368e-25,0.0,-1.0549295783114582e-30,True,False,Stable,Arb,7.914946490388992e-289,"[{""precision"":""Arb"",""status"":{""Stable"":2},""estimated_relative_accuracy"":7.914946490388992e-289}]",0.0,-7.614545831316318e-41,evaluation/candidate-off-arb-point-00006.json,b26deaeb9cfd7b44623d6a3c42c4d1aea3d6689be1aae121d826e7fa11c454b3
candidate-off,arb,7,q13,1,0.001,2,5e-324,-2.647336546907633e-31,1e-323,-4.95386770068927e-22,5e-324,-1.2349275095249766e-21,0.0,1.0549752405284374e-28,5e-324,2.5742690247554622e-21,-1e-323,-8.439547454252093e-22,0.0,-1.0549860690283521e-28,True,False,Stable,Arb,5.794859587288155e-287,"[{""precision"":""Arb"",""status"":{""Stable"":2},""estimated_relative_accuracy"":5.794859587288155e-287}]",5e-324,1.171488432627976e-37,evaluation/candidate-off-arb-point-00007.json,931452a08a96df06878ab19c98d419c7c4e96f602c3a23ab5235ae086458e3cb
candidate-off,arb,8,q14,-1,1.0,2,-0.0,-2.1418086990427915e-36,0.0,-1.4587677530842256e-35,0.0,-7.265314633025788e-37,0.0,1.4180761738348994e-35,0.0,4.154625634612697e-35,0.0,7.071013099096536e-38,0.0,-4.2625327920364884e-35,True,False,Stable,Arb,2.7365703588764067e-298,"[{""precision"":""Arb"",""status"":{""Stable"":2},""estimated_relative_accuracy"":2.7365703588764067e-298}]",0.0,3.675051476376769e-51,evaluation/candidate-off-arb-point-00008.json,775b263ab01b22d4e3111d193482ac2ac85383522ac34f8ad417768c0a811fc0
candidate-off,arb,9,q14,-1,0.1,2,-0.0,-2.1221789508961335e-35,0.0,-1.462508525218087e-33,0.0,-7.080055972219175e-36,0.0,1.4583440263002155e-33,0.0,4.157870684429677e-33,0.0,7.0674127081007884e-37,0.0,-4.1685546603193576e-33,True,False,Stable,Arb,7.368868235077628e-297,"[{""precision"":""Arb"",""status"":{""Stable"":2},""estimated_relative_accuracy"":7.368868235077628e-297}]",0.0,1.790752355761771e-49,evaluation/candidate-off-arb-point-00009.json,685887f891dda719711a427d6601cb5195ffef717cb919e0a191ad42cbb5e42f
candidate-off,arb,10,q14,-1,0.01,2,-0.0,-2.1202457415499495e-34,0.0,-1.4628904482737043e-31,0.0,-7.06146030045741e-35,0.0,1.4624730197139758e-31,0.0,4.158186082913124e-31,0.0,7.06709795467209e-36,0.0,-4.159253425044447e-31,True,False,Stable,Arb,9.65399234281167e-294,"[{""precision"":""Arb"",""status"":{""Stable"":2},""estimated_relative_accuracy"":9.65399234281167e-294}]",0.0,1.2957563314526964e-47,evaluation/candidate-off-arb-point-00010.json,d048371f823ac3c96edba99ac77bdf319c1a8e6973c6a257624892c7f6e8ffbc
candidate-off,arb,11,q14,-1,0.001,2,-0.0,-2.120052715329619e-33,0.0,-1.462928719574416e-29,0.0,-7.059599950217449e-34,0.0,1.462886966905856e-29,0.0,4.158217536526509e-29,0.0,7.067066930276596e-35,0.0,-4.15832426019691e-29,True,False,Stable,Arb,4.2336418803893675e-293,"[{""precision"":""Arb"",""status"":{""Stable"":2},""estimated_relative_accuracy"":4.2336418803893675e-293}]",0.0,4.652748807328494e-47,evaluation/candidate-off-arb-point-00011.json,d846ffa57ac161ee901a7fb769a2408bd1fc4a4df5980b171cd8fb574d613a1c
candidate-off,arb,12,q14,1,1.0,2,0.0,-2.110903532946944e-36,0.0,-4.4633436293992826e-35,0.0,-7.0549901615366815e-37,0.0,4.4219669149626206e-35,0.0,2.119835536722616e-34,0.0,7.020469837696705e-38,0.0,-2.1304539574306527e-34,True,False,Stable,Arb,1.01911977927551e-298,"[{""precision"":""Arb"",""status"":{""Stable"":2},""estimated_relative_accuracy"":1.01911977927551e-298}]",0.0,-2.940041181101415e-50,evaluation/candidate-off-arb-point-00012.json,151a45e4eb8dcafd1cb96e731fcc1b8ebad43f743955bec6e6b4680d4b57592e
candidate-off,arb,13,q14,1,0.1,2,0.0,-2.119118752014216e-35,0.0,-4.486599431542746e-33,0.0,-7.058993795532162e-36,0.0,4.4824278574508484e-33,0.0,2.1451535239695448e-32,0.0,7.062419927735895e-37,0.0,-2.1462202101320932e-32,True,False,Stable,Arb,1.3162502390374047e-294,"[{""precision"":""Arb"",""status"":{""Stable"":2},""estimated_relative_accuracy"":1.3162502390374047e-294}]",0.0,1.0022867662845734e-48,evaluation/candidate-off-arb-point-00013.json,c7f2dfb5e1566887595d3b9e5dcf3456b2fb70b8f1213da2a9ce7a5fbd0b2c52
candidate-off,arb,14,q14,1,0.01,2,-0.0,-2.1199400219198083e-34,0.0,-4.488938611739617e-31,0.0,-7.059353702560416e-35,0.0,4.488521112197967e-31,0.0,2.1477044060009e-30,0.0,7.066599290694622e-36,0.0,-2.147811123111192e-30,True,False,Stable,Arb,1.502427040345922e-293,"[{""precision"":""Arb"",""status"":{""Stable"":2},""estimated_relative_accuracy"":1.502427040345922e-293}]",0.0,1.2752294984791884e-46,evaluation/candidate-off-arb-point-00014.json,911aaa0b528dfbe2b4c38f99a8a764a17c3be6218e95353b1196b1b1c4730cde
candidate-off,arb,15,q14,1,0.001,2,-0.0,-2.120022146366299e-33,0.0,-4.489172665404257e-29,0.0,-7.059389286541129e-34,0.0,4.4891309120256467e-29,0.0,2.1479596861474043e-28,0.0,7.067017070018028e-35,0.0,-2.147970358343428e-28,True,False,Stable,Arb,3.4209749522187104e-291,"[{""precision"":""Arb"",""status"":{""Stable"":2},""estimated_relative_accuracy"":3.4209749522187104e-291}]",0.0,-4.4206929605629855e-44,evaluation/candidate-off-arb-point-00015.json,d912239cfca1dddab4f3bc3dbbccadfe0536b4e4feadb62de0d3718847cfade4
candidate-off,arb,16,both,-1,1.0,5,0.0,-4.794986249565818e-35,0.0,-9.20473801770628e-27,0.0,3.892414745201909e-26,0.0,2.26359752801875e-27,0.0,-1.3445073258615642e-26,0.0,-4.200885013459494e-26,0.0,2.3470916382929158e-26,True,False,Stable,Arb,1.1815616852724619e-289,"[{""precision"":""Arb"",""status"":{""Stable"":2},""estimated_relative_accuracy"":1.1815616852724619e-289}]",0.0,-3.864433518102004e-42,evaluation/candidate-off-arb-point-00016.json,360dab960482440bdb6da6bc2b1e5c37faa49bb37ecaa23b864082058c8231e1
candidate-off,arb,17,both,-1,0.1,5,5.4e-323,-4.778391774256812e-33,-5e-324,-9.23736386798492e-22,5e-324,3.8926017306535634e-21,-5e-324,2.259918019906295e-22,-2.5e-323,-1.3514311932685972e-21,1.04e-322,-4.173665262652455e-21,-2e-323,2.3302393100705727e-21,True,False,Stable,Arb,4.393739454161857e-285,"[{""precision"":""Arb"",""status"":{""Stable"":2},""estimated_relative_accuracy"":4.393739454161857e-285}]",0.0,5.42579382461861e-38,evaluation/candidate-off-arb-point-00017.json,ca214c5d1cb78df2e7dd5c59ef6bcb50ea76fe0c8478df85ccc3323c64f34748
candidate-off,arb,18,both,-1,0.01,5,9.045117e-318,-4.7787783062292e-31,7.134e-319,-9.240599297233822e-17,6.517867e-318,3.892619928115032e-16,-3.0217e-319,2.2595272247399735e-17,-1.2727e-318,-1.3521244025338504e-16,6.495526e-318,-4.1709399394282064e-16,-3.106803e-318,2.328551621096405e-16,True,False,Stable,Arb,7.122923332096603e-282,"[{""precision"":""Arb"",""status"":{""Stable"":2},""estimated_relative_accuracy"":7.122923332096603e-282}]",5e-324,6.410180236924703e-33,evaluation/candidate-off-arb-point-00018.json,1d2483dc403b6a9e0676b293c1d8c1ae83ef249269a324fca369691c8d2e5e4e
candidate-off,arb,19,both,-1,0.001,5,1.153609066874e-312,-4.7788373498467907e-29,3.17712526e-314,-9.240922567937993e-12,7.7293581128e-313,3.892621743822766e-11,8.15396887e-315,2.259487916206647e-12,-1.023377337e-313,-1.3521937323388764e-11,2.7152522132e-313,-4.170667374510771e-11,1.71560546494e-313,2.3283828282000155e-11,True,False,Stable,Arb,2.5075704067328437e-277,"[{""precision"":""Arb"",""status"":{""Stable"":2},""estimated_relative_accuracy"":2.5075704067328437e-277}]",-5e-324,-1.1639019769210061e-27,evaluation/candidate-off-arb-point-00019.json,2f0b9d5d2eadd3f0564c6880a2ebe68bb0e496a932c5e6f8214f75b2afed14b5
candidate-off,arb,20,both,1,1.0,5,-0.0,-6.781777416889893e-35,0.0,-2.7626916623201835e-26,0.0,-2.642772385291955e-26,0.0,2.260995253874582e-26,0.0,1.443441430554975e-25,0.0,7.025037377026949e-26,0.0,-1.831498289562092e-25,True,False,Stable,Arb,3.891021520339248e-289,"[{""precision"":""Arb"",""status"":{""Stable"":2},""estimated_relative_accuracy"":3.891021520339248e-289}]",0.0,6.711529397283963e-42,evaluation/candidate-off-arb-point-00020.json,df71767a253feb69200324efe3fb58047514b90602ee63b17ca236700dc4bd0e
candidate-off,arb,21,both,1,0.1,5,-2.8e-322,-4.9794565993624866e-33,-5.4e-323,-2.7979219670893278e-21,2e-323,-2.6448242822529388e-21,0.0,2.288756984374613e-21,-1.7e-322,1.45477227210483e-20,-1e-323,7.097417967234125e-21,-8e-323,-1.8491151423319752e-20,True,False,Stable,Arb,4.1117041218954665e-285,"[{""precision"":""Arb"",""status"":{""Stable"":2},""estimated_relative_accuracy"":4.1117041218954665e-285}]",-1e-323,6.2676656767138545e-37,evaluation/candidate-off-arb-point-00021.json,aaa444402fa3e6ce4fac591bf4a211b3fc3c17276f91a54e02048346cf8ae1bb
candidate-off,arb,22,both,1,0.01,5,3.4257124e-317,-4.798908445010854e-31,2.79092e-318,-2.8014709908515437e-16,-1.11254e-318,-2.6450302826395194e-16,2.236156e-318,2.291552893245844e-16,1.20204e-317,1.4559133358920437e-15,7.54172e-318,7.1047171636569165e-16,1.078047e-317,-1.8508902142332137e-15,True,False,Stable,Arb,3.8562606890704964e-281,"[{""precision"":""Arb"",""status"":{""Stable"":2},""estimated_relative_accuracy"":3.8562606890704964e-281}]",-5e-324,2.3337181161951924e-31,evaluation/candidate-off-arb-point-00022.json,65e28248fe401a37520db1476e287a3ff76245d6d6c70c06ebc2109bb92cfb03
candidate-off,arb,23,both,1,0.001,5,2.63978306777e-313,-4.7808506000854574e-29,5.60606439014e-313,-2.8018261546097857e-11,5.15549327277e-313,-2.6450508902616188e-11,2.6990005183e-313,2.2918326827594506e-11,-3.6164319939e-313,1.456027522459129e-10,-2.1676333414e-313,7.105447698868782e-11,-5.03670977814e-313,-1.8510678561348118e-10,True,False,Stable,Arb,8.825189400205195e-277,"[{""precision"":""Arb"",""status"":{""Stable"":2},""estimated_relative_accuracy"":8.825189400205195e-277}]",0.0,-6.414540029569674e-27,evaluation/candidate-off-arb-point-00023.json,3347f3ec23628c0b8983ef4f3b8ad22e2dcc7814065bc754ac1ef86fa46cc784
