{
  "cos_theta_A": 0.9996033066293979,
  "fits": {
    "lmb_off_eta_0p1_to_4": [
      -0.6291460882966725,
      -2.0190121445261053,
      32
    ],
    "lmb_off_eta_le_1": [
      0.1274295662267177,
      1.5892290992384674,
      38
    ],
    "lmb_on_eta_0p1_to_4": [
      -1.2111395292358669,
      -0.6551131487022726,
      32
    ],
    "lmb_on_eta_le_1": [
      0.09395523905953226,
      5.566393531801612,
      38
    ]
  },
  "n_points": 61,
  "paths": {
    "raw_lmb_off": "/tmp/gammaloop_uv_angle_lmb_off.out",
    "raw_lmb_on": "/tmp/gammaloop_uv_angle_lmb_on.out",
    "tsv": "/tmp/gammaloop_uv_angle_weight.tsv"
  },
  "theta_A": 0.02816805286071414
}