{
  "description": "Pointwise GL00 inspect comparison for kinematics A and helicity +-+-. Values are displayed inspect weights, i.e. integrand times the continuous parameterization jacobian. The MC-over-LMB integration max weights include an additional discrete-channel estimator normalization.",
  "state_single_channel": "examples/cli/aa_aa/2L",
  "state_all_lmb": "/tmp/gammaloop_gl00_all_lmb_state",
  "point_A": {
    "x": [
      0.993819581174,
      0.6303276140313304,
      0.6037887485521857,
      0.9939524818481166,
      0.6277285639451646,
      0.6151209153931045
    ],
    "lmb_off": {
      "re": -0.2633075947776593,
      "im": 2.1694392445269122,
      "abs": 2.18535982
    },
    "single_channel_lmb_on_channel_0_5_10": {
      "re": -42.048064725866318,
      "im": 82.375774092577231,
      "abs": 92.4867985
    },
    "all_lmb_summed": {
      "re": -0.0018421508731865921,
      "im": 0.0035214426244656394,
      "abs": 0.00397417639
    }
  },
  "channel_6_max_weight_point_from_90M_lmb_mc": {
    "channel": "(5,7)",
    "channel_id": 6,
    "x": [
      0.24895566448739703,
      0.8485740008520346,
      0.9938040821728532,
      0.23528090556710557,
      0.8392568775993614,
      0.9953437873998398
    ],
    "lmb_on_channel_6_raw_inspect": {
      "re": -3.0549712464792163,
      "im": -1.4035739008082126,
      "abs": 3.36197398
    },
    "lmb_off_same_x": {
      "re": 0.0007745594477564864,
      "im": -0.0008696206924501981,
      "abs": 0.00116455248
    },
    "mc_over_lmb_90M_max_eval_same_point": {
      "re_negative": -31.420139472762067,
      "im_negative": -14.435647397522928
    }
  },
  "all_lmb_mc_90M": {
    "channel_6_5_7_pdf": 0.422036071741208,
    "channel_0_5_10_pdf": 0.15804603101826145,
    "real_relative_error_percent": 97.31225300162161,
    "imag_relative_error_percent": 25.25678787330115
  },
  "all_lmb_summed_10M": {
    "real_relative_error_percent": 485.2055100798798,
    "imag_relative_error_percent": 38.935667725798126,
    "max_abs_eval_observed": 2.1585666598789985
  }
}
