{
  "description": "Controlled GL00 comparison in the all-LMB regenerated state, using kinematics A, helicity +-+-, m_uv=9.188, mu_R=91.188, linear spherical mapping, b=1, 20 cores, seed 99001, and 10M samples. This isolates LMB-off from all-LMB Monte-Carlo sampling with the same generated channel set.",
  "state": "/tmp/gammaloop_gl00_all_lmb_state",
  "lmb_off_10M": {
    "workspace": "/tmp/gammaloop_gl00_control_lmboff_10M_workspace",
    "neval": 10000000,
    "average_total_time_seconds": 0.000126106,
    "result": {
      "re": -5.55367697e-08,
      "im": -7.18671611e-07
    },
    "error": {
      "re": 8.02911394e-08,
      "im": 8.45332678e-08
    },
    "relative_error_percent": {
      "re": 144.57293754315725,
      "im": 11.762433159943175
    },
    "max_abs_top_weight": 0.26924529311577194
  },
  "all_lmb_monte_carlo_10M": {
    "workspace": "/tmp/gammaloop_gl00_control_lmbmc_10M_workspace",
    "neval": 10000000,
    "average_total_time_seconds": 0.000128901,
    "result": {
      "re": -4.94368447e-07,
      "im": -3.30751225e-07
    },
    "error": {
      "re": 7.22215673e-07,
      "im": 1.04938034e-06
    },
    "relative_error_percent": {
      "re": 146.090670614,
      "im": 317.267
    },
    "max_abs_top_weight": 7.217241762903062,
    "top_max_weight_channel": {
      "id": 6,
      "basis": "(5,7)"
    },
    "adaptive_channel_pdf": {
      "(5,10)": 0.12999366534628626,
      "(4,10)": 0.012868279561212208,
      "(5,9)": 0.12208088025590057,
      "(4,9)": 0.011606899408471023,
      "(5,8)": 0.13971280687264345,
      "(4,8)": 0.011537113119658996,
      "(5,7)": 0.3198417778356562,
      "(4,7)": 0.013365976047458919,
      "(5,6)": 0.16874073529784145,
      "(4,6)": 0.013158058515639276,
      "(4,5)": 0.057093807739231624
    }
  },
  "local_ose_prefactor_diagnostics": {
    "point_A_in_channel_0_5_10": {
      "edge_norms": {
        "e4": 1783.0371572415654,
        "e5": 48240.39967937961,
        "e7": 49374.600764956165,
        "e10": 49307.12683542234
      },
      "edge_oses": {
        "e4": 1791.4101998437106,
        "e5": 48240.39967937961,
        "e7": 49374.90384495761,
        "e10": 49307.43033016856
      },
      "selected_channel_prefactor_alpha3": 8.458648627315271e-06
    },
    "all_lmb_mc_10M_channel_6_im_positive_max": {
      "edge_norms": {
        "e4": 8.70629,
        "e5": 130.524,
        "e7": 123.256
      },
      "edge_oses": {
        "e4": 173.219,
        "e5": 130.524,
        "e7": 212.417
      },
      "selected_channel_prefactor_alpha3": 0.08783367339181082
    },
    "all_lmb_mc_90M_channel_6_re_negative_max": {
      "edge_norms": {
        "e4": 7.46627,
        "e5": 99.4438,
        "e7": 92.3009
      },
      "edge_oses": {
        "e4": 173.161,
        "e5": 99.4438,
        "e7": 196.083
      },
      "selected_channel_prefactor_alpha3": 0.1167896696619226
    }
  }
}
