{
  "E_com": 300.0,
  "fits": {
    "lmb_off_lambda_0p25_to_4": [
      1.0015277223279446,
      0.7137570846409946,
      19
    ],
    "lmb_off_lambda_ge_1": [
      1.0000534137327146,
      0.714822363657907,
      27
    ],
    "lmb_on_lambda_0p25_to_4": [
      1.0486173045880036,
      4.438380137168143,
      19
    ],
    "lmb_on_lambda_ge_1": [
      1.004237968182993,
      4.471497943091022,
      27
    ]
  },
  "n_points": 65,
  "paths": {
    "raw_lmb_off": "/tmp/gammaloop_uv_ray_lmb_off.out",
    "raw_lmb_on": "/tmp/gammaloop_uv_ray_lmb_on.out",
    "tsv": "/tmp/gammaloop_uv_ray_weight.tsv"
  },
  "point_A": [
    0.993819581174,
    0.6303276140313304,
    0.6037887485521857,
    0.9939524818481166,
    0.6277285639451646,
    0.6151209153931045
  ],
  "r0_at_lambda_1": 48240.39967937961,
  "r1_at_lambda_1": 49307.12683542235
}