{"ymtau": { "re": 1.777, "im": 0.0 },
  "vev": { "re": 246.2184581018163, "im": 0.0 },
  "gw": { "re": 0.6532329303475798, "im": 0.0 },
  "yc": { "re": 0.00729454338257259, "im": 0.0 },
  "G": { "re": 1.2177157847767195, "im": 0.0 },
  "Me": { "re": 0.000511, "im": 0.0 },
  "MZ": { "re": 91.188, "im": 0.0 },
  "I1x32": { "re": 0.0009894125736418032, "im": 0.0 },
  "yme": { "re": 0.000511, "im": 0.0 },
  "WT": { "re": 1.508336, "im": 0.0 },
  "sw": { "re": 0.4714302554840723, "im": 0.0 },
  "muH": { "re": 88.38834764831844, "im": 0.0 },
  "WZ": { "re": 2.441404, "im": 0.0 },
  "MB": { "re": 4.7, "im": 0.0 },
  "ZERO": { "re": 0.0, "im": 0.0 },
  "g1": { "re": 0.349192196787333, "im": 0.0 },
  "ytau": { "re": 0.010206617000654719, "im": 0.0 },
  "WH": { "re": 0.006382339, "im": 0.0 },
  "yb": { "re": 0.024123686777011714, "im": 0.0 },
  "AWS": { "re": 0.808, "im": 0.0 },
  "aEWM1": { "re": 132.507, "im": 0.0 },
  "aS": { "re": 0.118, "im": 0.0 },
  "ymm": { "re": 0.10566, "im": 0.0 },
  "etaWS": { "re": 0.341, "im": 0.0 },
  "MH": { "re": 125.0, "im": 0.0 },
  "yt": { "re": 0.9448443987662922, "im": 0.0 },
  "ymb": { "re": 4.2, "im": 0.0 },
  "cw": { "re": 0.8819033474333922, "im": 0.0 },
  "ymt": { "re": 164.5, "im": 0.0 },
  "sw2": { "re": 0.22224648578577766, "im": 0.0 },
  "MT": { "re": 172.0, "im": 0.0 },
  "WW": { "re": 2.0476, "im": 0.0 },
  "Gf": { "re": 0.0000116639, "im": 0.0 },
  "rhoWS": { "re": 0.132, "im": 0.0 },
  "lam": { "re": 0.1288691060169027, "im": 0.0 },
  "MC": { "re": 1.27, "im": 0.0 },
  "MM": { "re": 0.10566, "im": 0.0 },
  "WTau": { "re": 2.27e-12, "im": 0.0 },
  "aEW": { "re": 0.0075467711139788835, "im": 0.0 },
  "ymc": { "re": 1.27, "im": 0.0 },
  "lamWS": { "re": 0.2253, "im": 0.0 },
  "ye": { "re": 2.9350485578697585e-6, "im": 0.0 },
  "ee": { "re": 0.3079537672443688, "im": 0.0 },
  "MW": { "re": 80.41900244575616, "im": 0.0 },
  "MTA": { "re": 1.777, "im": 0.0 },
  "ym": { "re": 0.0006068830344902519, "im": 0.0 },
  "CKM2x2": { "re": 0.974619955, "im": 0.0 },
  "CKM2x3": { "re": 0.04101415272, "im": 0.0 },
  "CKM2x1": { "re": -0.2253, "im": 0.0 },
  "CKM3x2": { "re": -0.04101415272, "im": 0.0 },
  "CKM3x3": { "re": 1.0, "im": 0.0 },
  "CKM1x2": { "re": 0.2253, "im": 0.0 },
  "CKM1x3": { "re": 0.0012197444962317122, "im": -0.0031510066152652563 },
  "CKM3x1": { "re": 0.008020744111584288, "im": -0.0031510066152652563 },
  "CKM1x1": { "re": 0.974619955, "im": 0.0 },
  "I4x33": { "re": 0.024123686777011714, "im": 0.0 },
  "I1x33": { "re": 0.024123686777011714, "im": 0.0 },
  "I4x23": { "re": 0.0009894125736418032, "im": 0.0 },
  "I3x32": { "re": -0.03875199246763729, "im": 0.0 },
  "I3x21": { "re": -0.0016434606240936045, "im": 0.0 },
  "I1x31": { "re": 0.00002942473417507777, "im": 0.0000760138966189509 },
  "I3x33": { "re": 0.9448443987662922, "im": 0.0 },
  "I3x31": { "re": 0.0075783551477681356, "im": -0.0029772109509089107 },
  "I3x22": { "re": 0.007109407543268445, "im": 0.0 },
  "I2x23": { "re": -0.03875199246763729, "im": 0.0 },
  "I2x33": { "re": 0.9448443987662922, "im": 0.0 },
  "I2x32": { "re": 0.0002991795163154976, "im": 0.0 },
  "I4x13": { "re": 0.00002942473417507777, "im": -0.0000760138966189509 },
  "I3x23": { "re": 0.0002991795163154976, "im": 0.0 },
  "I2x13": { "re": 0.0075783551477681356, "im": 0.0029772109509089107 },
  "I2x12": { "re": -0.0016434606240936045, "im": 0.0 },
  "I2x22": { "re": 0.007109407543268445, "im": 0.0 }
}
