{
  "ϵ(0,cind(0))": { "re": 0.0, "im": -0.0 },
  "ϵ(0,cind(1))": { "re": -0.7071067811865475, "im": -0.0 },
  "ϵ(0,cind(2))": { "re": 0.0, "im": -0.7071067811865475 },
  "ϵ(0,cind(3))": { "re": 0.0, "im": -0.0 },
  "ϵ(1,cind(0))": { "re": 0.0, "im": -0.0 },
  "ϵ(1,cind(1))": { "re": -0.7071067811865475, "im": -0.0 },
  "ϵ(1,cind(2))": { "re": 0.0, "im": -0.7071067811865475 },
  "ϵ(1,cind(3))": { "re": 0.0, "im": -0.0 },
  "ϵbar(2,cind(0))": { "re": 0.0, "im": 0.0 },
  "ϵbar(2,cind(1))": { "re": 0.2922920331676606, "im": 0.619209287893657 },
  "ϵbar(2,cind(2))": { "re": 1.002562510542727, "im": 0.3414379266956589 },
  "ϵbar(2,cind(3))": { "re": -0.36548451290734923, "im": 0.0 },
  "ϵbar(3,cind(0))": { "re": 0.0, "im": 0.0 },
  "ϵbar(3,cind(1))": { "re": -0.05358235093893696, "im": -0.6686606269631231 },
  "ϵbar(3,cind(2))": { "re": 0.03946839712230518, "im": 0.2299847080770437 },
  "ϵbar(3,cind(3))": { "re": -0.6876479036953653, "im": 0.0 },
  "ϵbar(4,cind(0))": { "re": 0.0, "im": 0.0 },
  "ϵbar(4,cind(1))": { "re": -0.1689952740804555, "im": -0.4795458823521776 },
  "ϵbar(4,cind(2))": { "re": 0.07908355730825373, "im": 0.519649638428693 },
  "ϵbar(4,cind(3))": { "re": -0.6686697379559406, "im": 0.0 },
  "ϵbar(5,cind(0))": { "re": 0.0, "im": 0.0 },
  "ϵbar(5,cind(1))": { "re": 0.34936419037012517, "im": 0.5942885289662618 },
  "ϵbar(5,cind(2))": { "re": 1.4312689021532161, "im": -0.38317247335777704 },
  "ϵbar(5,cind(3))": { "re": -0.2904135932869392, "im": 0.0 },
  "Q(0,cind(0))": { "re": 5.0, "im": 0.0 },
  "Q(0,cind(1))": { "re": 0.0, "im": 0.0 },
  "Q(0,cind(2))": { "re": 0.0, "im": 0.0 },
  "Q(0,cind(3))": { "re": 5.0, "im": 0.0 },
  "Q(1,cind(0))": { "re": -5.0, "im": 0.0 },
  "Q(1,cind(1))": { "re": 0.0, "im": 0.0 },
  "Q(1,cind(2))": { "re": 0.0, "im": 0.0 },
  "Q(1,cind(3))": { "re": 5.0, "im": 0.0 },
  "Q(2,cind(0))": { "re": 0.8855133305450298, "im": 0.0 },
  "Q(2,cind(1))": { "re": -0.2210069028768998, "im": 0.0 },
  "Q(2,cind(2))": { "re": 0.4008035319168533, "im": 0.0 },
  "Q(2,cind(3))": { "re": -0.7580543095693663, "im": 0.0 },
  "Q(3,cind(0))": { "re": 3.283294192270986, "im": 0.0 },
  "Q(3,cind(1))": { "re": -1.038496118834563, "im": 0.0 },
  "Q(3,cind(2))": { "re": -3.019337553895401, "im": 0.0 },
  "Q(3,cind(3))": { "re": 0.7649492138716588, "im": 0.0 },
  "Q(4,cind(0))": { "re": 1.523581094674306, "im": 0.0 },
  "Q(4,cind(1))": { "re": -1.058809596665922, "im": 0.0 },
  "Q(4,cind(2))": { "re": -0.977096383269757, "im": 0.0 },
  "Q(4,cind(3))": { "re": 0.4954838522679282, "im": 0.0 },
  "Q(5,cind(0))": { "re": -5.692388617490321, "im": 0.0 },
  "Q(5,cind(1))": { "re": 2.3183126183773846, "im": 0.0 },
  "Q(5,cind(2))": { "re": 3.595630405248304, "im": 0.0 },
  "Q(5,cind(3))": { "re": 9.49762124342978, "im": 0.0 },
  "Q(6,cind(0))": { "re": -172.08159905485, "im": 0.0 },
  "Q(6,cind(1))": { "re": 0.4212673291871947, "im": 0.0 },
  "Q(6,cind(2))": { "re": 2.4525846575894876, "im": 0.0 },
  "Q(6,cind(3))": { "re": 4.678043993900391, "im": 0.0 },
  "Q(7,cind(0))": { "re": 172.2900379395546, "im": 0.0 },
  "Q(7,cind(1))": { "re": 0.4212673291871947, "im": 0.0 },
  "Q(7,cind(2))": { "re": 2.4525846575894876, "im": 0.0 },
  "Q(7,cind(3))": { "re": 9.678043993900392, "im": 0.0 },
  "Q(8,cind(0))": { "re": 172.30644830549113, "im": 0.0 },
  "Q(8,cind(1))": { "re": -0.18979376265367023, "im": 0.0 },
  "Q(8,cind(2))": { "re": 2.1364650620042127, "im": 0.0 },
  "Q(8,cind(3))": { "re": 10.045477739728485, "im": 0.0 },
  "Q(9,cind(0))": { "re": 172.02534670175214, "im": 0.0 },
  "Q(9,cind(2))": { "re": -1.4591653432440916, "im": 0.0 },
  "Q(9,cind(3))": { "re": 0.5478564962987051, "im": 0.0 },
  "Q(9,cind(1))": { "re": -2.508106381031055, "im": 0.0 },
  "Q(10,cind(0))": { "re": 172.04680033416108, "im": 0.0 },
  "Q(10,cind(1))": { "re": -2.720280128463582, "im": 0.0 },
  "Q(10,cind(2))": { "re": -2.758433198544979, "im": 0.0 },
  "Q(10,cind(3))": { "re": 1.045288254280978, "im": 0.0 },
  "Q(11,cind(0))": { "re": 172.01812674848532, "im": 0.0 },
  "Q(11,cind(1))": { "re": -1.6614705317976597, "im": 0.0 },
  "Q(11,cind(2))": { "re": -1.7813368152752216, "im": 0.0 },
  "Q(11,cind(3))": { "re": 0.5498044020130499, "im": 0.0 },
  "Q(12,cind(0))": { "re": 172.00571801611162, "im": 0.0 },
  "Q(12,cind(1))": { "re": -0.6229744129630969, "im": 0.0 },
  "Q(12,cind(2))": { "re": 1.2380007386201792, "im": 0.0 },
  "Q(12,cind(3))": { "re": -0.21514481185860887, "im": 0.0 },
  "Q(13,cind(0))": { "re": 172.0080080394988, "im": 0.0 },
  "Q(13,cind(1))": { "re": -0.011913321122232014, "im": 0.0 },
  "Q(13,cind(2))": { "re": 1.554120334205454, "im": 0.0 },
  "Q(13,cind(3))": { "re": -0.582578557686702, "im": 0.0 },
  "Q(14,cind(0))": { "re": 172.0040832408111, "im": 0.0 },
  "Q(14,cind(1))": { "re": 0.2090935817546678, "im": 0.0 },
  "Q(14,cind(2))": { "re": 1.1533168022886007, "im": 0.0 },
  "Q(14,cind(3))": { "re": 0.1754757518826643, "im": 0.0 },
  "Q(15,cind(0))": { "re": 172.01830220454784, "im": 0.0 },
  "Q(15,cind(1))": { "re": 0.4212673291871947, "im": 0.0 },
  "Q(15,cind(2))": { "re": 2.4525846575894876, "im": 0.0 },
  "Q(15,cind(3))": { "re": -0.32195600609960884, "im": 0.0 },
  "Q(16,cind(0))": { "re": 0.7799582131422241, "im": 0.0 },
  "Q(16,cind(1))": { "re": 0.6110610918408649, "im": 0.0 },
  "Q(16,cind(2))": { "re": 0.3161195955852747, "im": 0.0 },
  "Q(16,cind(3))": { "re": -0.3674337458280931, "im": 0.0 },
  "Q(17,cind(0))": { "re": 1.4073212187581992, "im": 0.0 },
  "Q(17,cind(1))": { "re": 0.21217374743252684, "im": 0.0 },
  "Q(17,cind(2))": { "re": 1.299267855300887, "im": 0.0 },
  "Q(17,cind(3))": { "re": -0.497431757982273, "im": 0.0 }}
